"lon","lat","names(locations_dict)"
NA,NA," "
-122.333481,47.602201,"      anywhere"
NA,NA," #cabezafria"
-0.144783,51.5237," [?] london...ish [?]"
-84.3879824,33.7489954," atlanta, ga"
-74.072092,4.7109886," bogota  "
-68.0477509,10.1176433," carabobo-venezuela "
NA,NA," cine teatro television"
-74.297333,4.570868," colombia"
-74.297333,4.570868," colombia "
NA,NA," cualquier rincon de c/marca."
-100.2892569,25.704426," mexico/francia/usa"
NA,NA," nortesantedereana en medellin"
-74.2148318,11.2422274," perla de america"
-86.2702358,12.1299599," quimicamente periodista ."
-78.791265,1.787434," tumaco"
NA,NA," vengo del pasado: macondo "
-77.0368707,38.9071923," washington, d.c."
NA,NA,"!!!!!!antioquenos, papa!!!!!!"
-76.5319854,3.4516467,"!!de cali-colombia!!"
-74.072092,4.7109886,"!ogota colombia"
NA,NA,"!todo por nuestros nin@s!"
-96.7313012,17.0883678,"#apoyomutuo"
-77.0423129,38.911365,"#argentina #washington dc"
-3.5590795,40.3974843,"#asturias #madrid #espana"
-74.297333,4.570868,"#colombia"
NA,NA,"#congresocorrupto"
-75.5812119,6.244203,"#medellin"
NA,NA,"#portodacolombia"
NA,NA,"#puertolarock"
NA,NA,"#rompelarutina"
NA,NA,"#trabajoparajovenessihay"
-66.58973,6.42375,"#venezuela "
-74.297333,4.570868,"(colombia)"
-80.5471485,28.0348292,", costas y rios de co."
NA,NA,"."
NA,NA,":)"
NA,NA,";)"
NA,NA,"?ayuda? soporte@moovitapp.com"
-80.6652265,28.1281358,"@ 102"
-74.072092,4.7109886,"@bogota"
-74.072092,4.7109886,"@bogota d.c"
-80.3440529,25.806952,"@elnuevoherald, @miamiherald"
NA,NA,"@ifbbmt"
NA,NA,"@jhpelaez (tm)"
NA,NA,"@marchapatriota - @up_colombia"
NA,NA,"[unofficial account]"
-75.93874,44.946141,"`y'sh@"
-75.6042364,1.6153858,">>florencia caqueta<<"
NA,NA,"04o 38' n, 74deg05' w"
-0.1276248,51.5033635,"10 downing street, london"
-74.8090544,11.0094388,"11.009303,-74.808855"
-77.0274801,38.8942404,"1100 pennsylvania avenue,nw dc"
-116.3579163,33.7602159,"120 countries"
-81.4393927,27.4658457,"170 countries & territories"
-77.1370115,38.9894702,"20817"
-97.617204,38.8372452,"221 baker street apt. b"
-84.5200332,32.3236754,"221b, baker street"
NA,NA,"30,000 feet up in the air"
-74.0738204,4.5996635,"4.599836,-74.07371"
-74.1259154,4.6141938,"4.614064,-74.125958"
-74.1297394,4.6312662,"4.63091,-74.129868"
-2.0115083,43.3013101,"43.301279,-2.011885"
-95.7673986,36.1616492,"44 locations worldwide"
NA,NA,"4deg35'56''57---74deg04'51''30"
-80.1860244,25.7674731,"601 brickell key dr, suite 103"
NA,NA,"9:00 a 10:00 am en capital 710"
-63.616672,-38.416097,"a  r  g  e  n  t  i  n  a"
NA,NA,"a bit all over the place"
-8.4115401,43.3623436,"a coruna"
NA,NA,"a km de la perfeccion"
NA,NA,"a veces aqui. "
NA,NA,"aa, avianca, latam, united, ba...."
-2.094278,57.149717,"aberdeen, scotland"
-106.103543,28.669001,"abriendo camino"
54.3773438,24.453884,"abu dhabi, uae"
7.398574,9.0764785,"abuja, nigeria."
-99.8236533,16.8531086,"acapulco de juarez, guerrero"
-81.5876595,30.2612181,"across the globe"
NA,NA,"activa las notificaciones"
-122.0903672,38.0141665,"actriz"
NA,NA,"actriz / colombia  "
NA,NA,"afr bra chn eur ind idn mex usa"
34.508523,-8.783195,"africa"
34.508523,-8.783195,"africa (mostly)"
NA,NA,"africa, asia & central america"
NA,NA,"africa, asia, europe, americas"
-75.453135,5.608334,"aguadas, colombia"
-102.2915677,21.8852562,"aguascalientes, mexico"
-97.2293223,33.0030876,"ahi"
-94.7342755,38.8531091,"airplane"
-89.2931162,31.0862928,"airstrip one"
41.2282471,37.054943,"al-qamishli, rojava, northern syria"
NA,NA,"al lado de mi bella esposa"
-84.4382721,10.391583,"alajuela, costa rica"
-149.4936733,64.2008413,"alaska"
-1.8585424,38.994349,"albacete, espana"
-3.6372245,40.5372512,"alcobendas (madrid, espana)"
-58.375426,-34.596502,"aldea global"
NA,NA,"alejo_estrada@hotmail.com"
-74.0387736,4.6908891,"alemania - colombia"
37.1342603,36.2021047,"alepo"
37.1342603,36.2021047,"aleppo, syria"
-0.1928864,38.5435695,"alfaz y finestrat (alicante)"
-95.9082993,36.179738,"algun lugar del mundo!"
NA,NA,"algun lugar del planeta tierra"
NA,NA,"algun punto"
26.0246325,44.4870954,"all over the world"
-95.712891,37.09024,"all places"
-6.5169753,37.2596578,"almonte, spain"
NA,NA,"alnortedelsur"
-75.073161,6.906448,"amalfi - antioquia "
-71.5723953,-1.4429123,"amazonia colombiana"
-95.712891,37.09024,"america"
-74.297333,4.570868,"america del sur! colombia. "
-61.3268535,-4.4420385,"america latina"
-95.712891,37.09024,"america/america  "
-105.2551187,54.5259614,"americas"
-74.072092,4.7109886,"americas colombia bogota"
35.9283716,31.9453666,"amman, jordan"
NA,NA,"amman, reino hachemita de jord"
4.8951679,52.3702157,"amsterdam - the netherlands"
4.8796571,52.3888931,"amsterdam baby"
NA,NA,"anarquismoenpdf@gmail.com"
-75.879654,5.656421,"andes, antioquia"
-74.297333,4.570868,"andes, colombia"
1.521801,42.506285,"andorra"
NA,NA,"angrybearblog.com"
32.8597419,39.9333635,"ankara"
32.8597419,39.9333635,"ankara, turkey"
-83.7430378,42.2808256,"ann arbor, mi"
-95.930745,36.103943,"anti"
NA,NA,"anti censorville"
-75.3412179,7.1986064,"antioquia"
-75.3412179,7.1986064,"antioquia - colombia"
-75.3412179,7.1986064,"antioquia colombia"
NA,NA,"antioquia es mi gran orgullo"
-75.3412179,7.1986064,"antioquia, colombia"
-122.333481,47.602201,"anywhere | everywhere"
-76.624692,7.882761,"apartado, antioquia"
-76.624692,7.882761,"apartado, colombia"
5.9699231,52.211157,"apeldoorn"
-71.1216727,42.3754111,"appian way, cambridge, mass"
NA,NA,"aqui en mi llano "
NA,NA,"aqui tomando martinis"
-89.9602133,29.949711,"aqui y ahora"
NA,NA,"aqui y alla  colombia"
-99.0120445,21.9795196,"aqui... hoy"
-71.0022311,6.547306,"arauca"
-71.0022311,6.547306,"arauca - colombia"
-80.396538,26.130223,"arauca -colombia"
-71.0022311,6.547306,"arauca, colombia"
-63.616672,-38.416097,"argentina"
-58.5590747,-34.6663194,"argentina & colombia"
-111.0937311,34.0489281,"arizona"
-111.0937311,34.0489281,"arizona, usa"
-77.0909809,38.8816208,"arlington va"
-77.0909809,38.8816208,"arlington, va"
-77.060063,38.863858,"arlington, va | new york, ny"
-77.0909809,38.8816208,"arlington, va, usa"
-77.0909809,38.8816208,"arlington, va."
45.038189,40.069099,"armenia"
-75.6756888,4.5350004,"armenia, colombia"
-75.6756888,4.5350004,"armenia, quindio, colombia"
-75.6756888,4.5350004,"armenia, quindio."
-75.6756888,4.5350004,"armenia,quindio"
-117.9905736,33.6920482,"around the globe"
-94.132511,36.1847906,"around the world"
-95.9453232,36.7572371,"around the world."
NA,NA,"artistic director, leadership"
-105.0874842,39.8027644,"arvada, co"
-74.0120817,40.2203907,"asbury park, nj"
-5.8593267,43.3613953,"asturias"
-3.5590795,40.3974843,"asturias - madrid - espana "
-57.575926,-25.2637399,"asuncion"
-57.575926,-25.2637399,"asuncion - paraguay"
-57.575926,-25.2637399,"asuncion, paraguay"
NA,NA,"atenas suramericana"
NA,NA,"ateo (c) justice for duncan"
23.7275388,37.9838096,"athens, greece"
23.7275388,37.9838096,"athens, greece "
-84.4277001,33.6407282,"atl"
-84.3879824,33.7489954,"atlanta"
-96.7647517,37.4364104,"atlanta -ga"
NA,NA,"atlanta & unexpected places"
-84.3879824,33.7489954,"atlanta ga"
NA,NA,"atlanta premio nal de paz 2008"
-84.3081592,33.8640809,"atlanta y latinoamerica"
-84.3879824,33.7489954,"atlanta, ga"
-84.3879824,33.7489954,"atlanta, ga. usa"
-84.3879824,33.7489954,"atlanta, georgia, usa"
-74.8741045,10.6966159,"atlantico"
-85.4807825,32.6098566,"auburn, alabama"
174.7633315,-36.8484597,"auckland, new zealand"
174.7633315,-36.8484597,"auckland, nz"
-97.7430608,30.267153,"austin"
-97.7430608,30.267153,"austin, texas"
-97.7430608,30.267153,"austin, tx"
-97.6710886,30.194085,"austin, tx & airports!"
-97.7497545,30.2879267,"austin, tx | global"
133.775136,-25.274398,"australia"
-122.1541592,37.7252028,"australia and around the world"
-74.098506,4.6441456,"av calle 26 no. 57 - 41"
-74.0911114,4.6057008,"av carrera 24 # 37-09 #bogota "
-122.2100452,47.7908345,"b"
NA,NA,"b/quilla || san juan (guajira)"
NA,NA,"bacata"
2.2893178,48.8663871,"baltimore & paris"
-76.6121893,39.2903848,"baltimore, md"
-8.0028892,12.6392316,"bamako"
-95.9652358,36.1313997,"banana republic"
100.5017651,13.7563309,"bangkok"
-74.915036,10.796589,"baranoa"
-59.543198,13.193887,"barbados"
-75.334099,6.438791,"barbosa, colombia"
2.1734035,41.3850639,"barcelona"
2.1350102,41.3814219,"barcelona-madrid-world"
2.1734035,41.3850639,"barcelona "
2.1734035,41.3850639,"barcelona, catalunya"
2.1734035,41.3850639,"barcelona, espana"
2.1734035,41.3850639,"barcelona, spain"
-73.8519319,7.0617085,"barrancabermeja"
-73.8519319,7.0617085,"barrancabermeja, colombia"
-73.8519319,7.0617085,"barrancabermeja, santander"
-72.795543,10.9556419,"barrancas, colombia"
-74.8069813,11.0041072,"barranquilla"
-76.541315,3.4512731,"barranquilla-cali-bogota d.c."
-74.5065537,10.9818508,"barranquilla-cienaga"
-74.8069813,11.0041072,"barranquilla-colombia"
-74.8069813,11.0041072,"barranquilla "
-74.8069813,11.0041072,"barranquilla - atlantico"
NA,NA,"barranquilla - bogota - mexico"
-74.8069813,11.0041072,"barranquilla - colombia"
-74.827046,11.0054707,"barranquilla - santa marta "
-74.8069813,11.0041072,"barranquilla colombia"
-74.8069813,11.0041072,"barranquilla colombia "
-74.8069813,11.0041072,"barranquilla, atlantico"
-74.8069813,11.0041072,"barranquilla, colombia"
-74.8069813,11.0041072,"barranquilla, colombia "
-74.8069813,11.0041072,"barranquilla. colombia"
NA,NA,"basados en usgs"
7.5885761,47.5595986,"basel, switzerland"
11.7272747,45.7657286,"bassano del grappa"
NA,NA,"batalla contra la ignorancia."
NA,NA,"bcn, mad, bog,stm"
-73.9849363,40.7558509,"beautiful new york city"
-122.8037102,45.487062,"beaverton, oregon"
-84.3130025,43.6121351,"behind a camera"
116.428876,39.945728,"bei jing , zhong hua ren min gong he guo "
116.4073963,39.9041999,"beijing, rep. popular china"
35.5017767,33.8937913,"beirut"
35.5017767,33.8937913,"beirut, libano"
NA,NA,"belem, brasilia e sao paulo"
-5.93012,54.597285,"belfast, northern ireland"
4.469936,50.503887,"belgium"
-74.292984,40.3529382,"bello"
-122.272747,37.8715926,"berkeley, ca"
-122.272747,37.8715926,"berkeley, california"
13.404954,52.5200066,"berlin, germany"
13.404954,52.5200066,"berlin/ deutschland "
-118.4003563,34.0736204,"beverly hills, ca"
-83.4703932,42.3651261,"beyond borders"
-2.9349852,43.2630126,"bilbao"
NA,NA,"birmingham-uk medellin-col"
NA,NA,"bk, #nyuad,uae. all views mine"
NA,NA,"blog"
NA,NA,"blog:"
NA,NA,"blogs.iadb.org/agua"
NA,NA,"bog / bga / vvc / vup"
NA,NA,"bog\vvc\colombia"
-74.072092,4.7109886,"bogota"
-74.072092,4.7109886,"bogota'"
-74.072092,4.7109886,"bogota- colombia"
-74.072092,4.7109886,"bogota- colombia "
-58.4711217,-34.6274258,"bogota-buenos aires"
-74.072092,4.7109886,"bogota-colombia"
-74.072092,4.7109886,"bogota-colombia."
-80.189196,25.766891,"bogota-miami"
-74.072092,4.7109886,"bogota "
-74.072092,4.7109886,"bogota -"
-74.814801,11.003741,"bogota - barranquilla"
13.3170451,52.5004939,"bogota - berlin"
-75.516454,10.446315,"bogota - cartagena (colombia)"
-74.072092,4.7109886,"bogota - colombia"
-74.072092,4.7109886,"bogota - colombia "
-75.1978359,4.4277157,"bogota - ibague"
-76.9785345,-12.0688811,"bogota - lima"
-75.5583456,6.3101382,"bogota - medellin"
NA,NA,"bogota - roma - geneve "
-73.2442013,10.4769739,"bogota - valledupar"
-74.072092,4.7109886,"bogota ( colombia )"
-74.072092,4.7109886,"bogota (colombia)"
-76.541315,3.4512731,"bogota / cali (col)"
-75.516454,10.446315,"bogota / cartagena - colombia"
-74.072092,4.7109886,"bogota city"
-74.072092,4.7109886,"bogota colombia"
-74.072092,4.7109886,"bogota colombia "
-74.0664457,4.6014855,"bogota colombia los andes"
-74.072092,4.7109886,"bogota colombia."
-74.072092,4.7109886,"bogota cundinamarca"
-74.072092,4.7109886,"bogota d, c."
-74.072092,4.7109886,"bogota d. c."
-74.072092,4.7109886,"bogota d.c"
-74.072092,4.7109886,"bogota d.c "
-74.072092,4.7109886,"bogota d.c - colombia"
-74.0688218,4.6091634,"bogota d.c calle 24 # 5-60 /80"
-74.1856854,4.6041133,"bogota d.c rock city........."
-74.072092,4.7109886,"bogota d.c, colombia"
-74.072092,4.7109886,"bogota d.c, colombia "
-74.072092,4.7109886,"bogota d.c, colombia."
-74.072092,4.7109886,"bogota d.c."
-74.072092,4.7109886,"bogota d.c.- colombia"
-74.072092,4.7109886,"bogota d.c. "
-74.072092,4.7109886,"bogota d.c. - colombia"
NA,NA,"bogota d.c. - vladivostok"
-74.072092,4.7109886,"bogota d.c. / colombia"
-74.072092,4.7109886,"bogota d.c. colombia"
-74.072092,4.7109886,"bogota d.c., colombia"
-74.072092,4.7109886,"bogota dc"
-74.072092,4.7109886,"bogota dc- colombia"
-74.072092,4.7109886,"bogota dc "
-74.072092,4.7109886,"bogota dc, colombia"
-74.072092,4.7109886,"bogota dc, colombia "
-74.072092,4.7109886,"bogota dc. colombia"
-74.0767333,4.5982288,"bogota de todos"
-74.072092,4.7109886,"bogota distrito capital"
-74.0623364,4.7232224,"bogota y el mundo"
-74.109765,4.548365,"bogota y medellin -colombia-"
-64.2204648,-31.4742902,"bogota y neiva"
-74.072092,4.7109886,"bogota
"
-74.075214,4.664752,"bogota,  barrios unidos"
-74.8071456,10.991598,"bogota, barranquilla y miami."
-74.0553658,4.6577159,"bogota, carrera 9 no.74-08 p.9"
-74.072092,4.7109886,"bogota, co."
-74.072092,4.7109886,"bogota, col. "
-74.072092,4.7109886,"bogota, colombia"
-74.072092,4.7109886,"bogota, colombia "
-74.072092,4.7109886,"bogota, colombia ."
-74.1138849,4.5689385,"bogota, colombia 3208475012"
-74.072092,4.7109886,"bogota, colombia."
-74.072092,4.7109886,"bogota, cundinamarca colombia"
-74.072092,4.7109886,"bogota, d. c."
-74.072092,4.7109886,"bogota, d. c., colombia"
-74.072092,4.7109886,"bogota, d.c"
-74.072092,4.7109886,"bogota, d.c "
-74.072092,4.7109886,"bogota, d.c."
-74.072092,4.7109886,"bogota, d.c. - colombia"
-74.072092,4.7109886,"bogota, d.c. colombia"
-74.072092,4.7109886,"bogota, d.c. colombia."
-74.1126808,4.5950611,"bogota, d.c.,  barranquilla"
-74.072092,4.7109886,"bogota, d.c., col"
-74.072092,4.7109886,"bogota, d.c., colombia"
-74.072092,4.7109886,"bogota, d.c; colombia"
-74.072092,4.7109886,"bogota, d.c; colombia."
-74.072092,4.7109886,"bogota, dc, colombia"
-74.072092,4.7109886,"bogota, dc."
-74.0767333,4.5982288,"bogota, humana"
NA,NA,"bogota, miami, cdmx"
-74.0298621,40.8762106,"bogota, nj"
-74.072092,4.7109886,"bogota, republica de colombia"
NA,NA,"bogota, villavicencio y 22 mun"
-74.072092,4.7109886,"bogota,colombia"
-74.072092,4.7109886,"bogota,colombia."
-74.072092,4.7109886,"bogota."
-74.072092,4.7109886,"bogota. col"
-74.072092,4.7109886,"bogota. colombia"
-74.072092,4.7109886,"bogota., colombia"
-74.072092,4.7109886,"bogota.colombia"
-74.072092,4.7109886,"bogota.d.c."
-74.072092,4.7109886,"bogota.d.c. colombia"
-74.072092,4.7109886,"bogota.dc"
NA,NA,"bogota/ y donde sea menester."
-74.072092,4.7109886,"bogota/colombia"
NA,NA,"bogota/miami/cloud nine"
-73.9789946,40.6781684,"bogota/new york"
-74.072092,4.7109886,"bogota; colombia"
-74.0300122,8.6704382,"bolivar - colombia"
-63.588653,-16.290154,"bolivia"
7.0982068,50.73743,"bonn, alemania"
7.0982068,50.73743,"bonn, allemagne"
-71.0588801,42.3600825,"boston"
-2.6407385,53.4005352,"boston-nyc-sf-europe"
-74.0754515,4.7498826,"boston ma and bogota colombia"
-71.0588801,42.3600825,"boston ma usa"
-71.0588801,42.3600825,"boston, ma"
-71.0687306,42.3631671,"boston, ma | everywhere"
-71.0588801,42.3600825,"boston, ma usa"
-71.0588801,42.3600825,"boston, massachusetts"
-71.0588801,42.3600825,"boston, massachusetts, usa"
NA,NA,"boston, milan, titiribi"
-86.4808043,36.9685219,"bowling green, ky"
-73.362003,5.454511,"boyaca"
-73.362003,5.454511,"boyaca-colombia"
-73.362003,5.454511,"boyaca, colombia"
-91.1074851,40.8291078,"bra, chn, ind, mex, tky, usa"
-51.92528,-14.235004,"brasil"
-47.8821658,-15.7942287,"brasilia"
-47.8821658,-15.7942287,"brasilia - brasil"
-47.8821658,-15.7942287,"brasilia / brasil"
-47.8821658,-15.7942287,"brasilia, brazil"
-51.92528,-14.235004,"brazil"
-0.137163,50.82253,"brighton, uk"
-2.58791,51.454513,"bristol, uk"
-73.8648268,40.8447819,"bronx, ny"
-73.9441579,40.6781784,"brooklyn,  ny"
-73.9441579,40.6781784,"brooklyn, ny"
NA,NA,"brooklyn/buenos aires/toronto"
-3.9993244,40.4043103,"brunete, madrid, espana"
4.3517103,50.8503396,"bruselas / belgica"
4.3517211,50.8503463,"brussels, belgium"
7.7765499,48.5839146,"brussels/strasbourg"
-96.759139,37.255216,"bta"
-73.1227416,7.119349,"bucaramanga"
-73.1227416,7.119349,"bucaramanga - colombia "
-73.1227416,7.119349,"bucaramanga - santander"
-73.1227416,7.119349,"bucaramanga / colombia"
-73.1227416,7.119349,"bucaramanga colombia"
-73.1227416,7.119349,"bucaramanga! "
-73.1227416,7.119349,"bucaramanga, colombia"
-73.1227416,7.119349,"bucaramanga, colombia."
-73.1227416,7.119349,"bucaramanga, santander"
-73.1227416,7.119349,"bucaramanga, santander "
-74.08937,4.68183,"bucaramanga/bogota , colombia"
-77.0197212,3.8830471,"buenaventura"
-77.0197212,3.8830471,"buenaventura, colombia"
-75.8897352,8.7420513,"buenavista cordoba - monteria "
-58.3815591,-34.6036844,"buenos aires"
-58.3815591,-34.6036844,"buenos aires "
-58.3815591,-34.6036844,"buenos aires, "
-58.3815591,-34.6036844,"buenos aires, argentina"
-58.3815591,-34.6036844,"buenos aires. argentina"
-76.3021889,3.9005079,"buga"
-118.3089661,34.1808392,"burbank, ca"
-74.0770886,4.6261268,"cable noticias"
31.2357116,30.0444196,"cairo"
-74.1555872,4.6330758,"caldas-bogota"
-75.768462,5.163676,"caldas - quindio - risaralda"
-75.633347,6.094317,"caldas, antioquia, colombia"
-114.0708459,51.0486151,"calgary, alberta"
-76.5319854,3.4516467,"cali"
-76.5319854,3.4516467,"cali- colombia"
-76.5319854,3.4516467,"cali-colombia"
-76.5319854,3.4516467,"cali - colombia"
-76.5319854,3.4516467,"cali - colombia "
-76.5319854,3.4516467,"cali - valle"
-76.5319854,3.4516467,"cali - valle del cauca"
-76.5319854,3.4516467,"cali - valle del cauca, colombia"
-73.8760537,40.7504274,"cali / nueva york"
-76.5319854,3.4516467,"cali colombia"
-76.5319854,3.4516467,"cali valle del cauca  colombia"
-74.1174298,4.6810679,"cali, bogota, colombia"
-76.5319854,3.4516467,"cali, colombia"
-76.5319854,3.4516467,"cali, colombia."
-76.5319854,3.4516467,"cali, valle"
-76.5319854,3.4516467,"cali, valle del cauca"
-76.5319854,3.4516467,"cali, valle del cauca,colombia"
-76.5319854,3.4516467,"cali, valle del cauca."
-76.5319854,3.4516467,"cali, valle, colombia"
-76.5319854,3.4516467,"cali, valle. colombia"
NA,NA,"cali...hermosa a pesar de todo"
-119.4179324,36.778261,"california"
-119.4179324,36.778261,"california, usa"
-76.5337448,3.4519948,"calle 10 # 3 - 61"
-74.077828,4.6254507,"calle 36 # 28a-24 bogota"
-74.0563543,4.6516003,"calle 69 # 6 - 20 bogota"
-120.9382459,39.9378957,"calle 70 # 10 a -39"
-71.1097335,42.3736158,"cambridge, ma"
-71.1097335,42.3736158,"cambridge, ma "
-71.1097335,42.3736158,"cambridge, ma us"
-71.1097335,42.3736158,"cambridge, ma, usa"
-71.1097335,42.3736158,"cambridge, mass."
NA,NA,"camilina041289@hotmail.com "
NA,NA,"caminando por ahi!"
-58.9592643,-34.1633346,"campana, argentina"
-106.346771,56.130366,"canada"
-64.7782313,46.0878165,"canada, moncton "
-86.8515279,21.161908,"cancun, mexico"
-86.8515279,21.161908,"cancun, mexico. "
-74.0728759,4.597014,"candelaria, colombia"
7.017369,43.552847,"cannes, france"
-81.9495331,26.5628537,"cape coral fl"
-65.4036347,-24.8235628,"capitales de america latina"
NA,NA,"caqueta,meta y guaviare "
-68.0477509,10.1176433,"carabobo venezuela"
-66.9036063,10.4805937,"caracas"
-71.6102726,10.6612476,"caracas-maracaibo"
-66.8443474,10.4996087,"caracas-miami"
-66.9036063,10.4805937,"caracas-venezuela"
-66.9036063,10.4805937,"caracas - venezuela"
-66.9036063,10.4805937,"caracas venezuela"
-66.9036063,10.4805937,"caracas, venezuela"
-66.9036063,10.4805937,"caracas, venezuela."
-66.9036063,10.4805937,"caracas,venezuela"
NA,NA,"carakistan, por ahora"
-78.6568942,21.4691137,"caribbean"
-75.545273,10.4208148,"caribe colombiano"
-75.545273,10.4208148,"caribe colombiano."
-75.545273,10.4208148,"caribe, colombia"
-61.3653564,-35.6225839,"carlos casares "
-74.0648112,4.6418393,"carrera 13 no. 54-74 "
-74.081933,4.6294953,"carrera 32a no. 26a - 10"
-75.4794257,10.3910485,"cartagena"
-75.4794257,10.3910485,"cartagena-colombia."
-75.4794257,10.3910485,"cartagena - colombia"
-75.4794257,10.3910485,"cartagena  - colombia"
-75.4794257,10.3910485,"cartagena / colombia"
-75.4794257,10.3910485,"cartagena bolivar"
-75.4794257,10.3910485,"cartagena de indias"
-75.4794257,10.3910485,"cartagena de indias - bolivar"
-75.4794257,10.3910485,"cartagena de indias - colombia"
-75.4794257,10.3910485,"cartagena de indias, colombia"
-75.4794257,10.3910485,"cartagena de indias."
-75.4794257,10.3910485,"cartagena, bolivar"
-75.4794257,10.3910485,"cartagena, colombia"
-74.8252389,11.0063991,"cartagena+barranquilla+aviones"
-75.9116289,4.7472212,"cartago, colombia"
-72.386216,5.320657,"casanare / yopal bogota "
-3.097702,39.2795607,"castille-la mancha, spain"
1.5208624,41.5911589,"catalonia"
-72.2845477,9.1845236,"catatumbo, norte de santander"
-76.8259652,2.7049813,"cauca, colombia"
-81.2546,19.3133,"cayman islands"
-94.7173402,38.9871486,"ccs"
-99.133208,19.4326077,"cdmx"
-67.0549411,10.3620933,"cenapromil - los teques"
-71.1044416,42.3652669,"central sq., cambridge, ma usa"
-99.1373136,19.4361609,"centro de la ciudad de mexico"
-106.8711899,28.4044058,"centro democratico"
-75.789633,8.888785,"cerete cordoba"
-75.789633,8.888785,"cerete, colombia"
-52.615699,-27.1009343,"chapeco"
-74.0498595,4.6810882,"chapinero medio, bogota"
-79.9310512,32.7764749,"charleston, sc"
-78.4766781,38.0293059,"charlottesville, va."
NA,NA,"chi, dc, worldwide walkable"
-74.0325368,4.8615787,"chia cundinamarca"
-74.0325368,4.8615787,"chia, colombia"
-74.0325368,4.8615787,"chia, cundinamarca"
-73.9916486,40.7460318,"chia."
-93.1292353,16.7569318,"chiapas mexico"
-87.6297982,41.8781136,"chicago"
55.2215284,25.1438108,"chicago & dubai"
12.4536413,41.9064878,"chicago / vatican city"
-87.6297982,41.8781136,"chicago, il"
-87.6297982,41.8781136,"chicago, illinois"
NA,NA,"chilam balam, niuyol, ventosa"
-71.542969,-35.675147,"chile"
NA,NA,"chinacota - marinilla "
-72.60247,7.600193,"chinacota norte de santander"
-75.60526,4.98273,"chinchina, colombia"
-96.7656444,44.310455,"choco "
NA,NA,"choco bioregion, colombia"
-76.8259652,5.2528033,"choco, colombia"
-74.297333,4.570868,"cholombia"
-74.248926,11.007984,"cienaga, colombia"
NA,NA,"citas de grandes pensadores"
-0.0909852,51.5123443,"city of london, london"
-58.3815591,-34.6036844,"ciudad autonoma de buenos aire"
-74.1574289,4.579524,"ciudad bolivar-bogota-colombia"
NA,NA,"ciudad caotica"
-99.133208,19.4326077,"ciudad de mexico"
-99.1646601,19.4121742,"ciudad de mexico - medellin"
-77.0368707,38.9071923,"ciudad de washington"
12.453389,41.902916,"ciudad del vaticano"
-62.6496813,8.3663119,"ciudad guayana - venezuela"
-106.406566,31.684031,"ciudad star"
-74.047243,4.6786086,"ciudadano del mundo"
42.185474,37.332346,"cizre "
-1.2077629,38.0589895,"clase media"
NA,NA,"cocalombia_ut: 5.42293,-71729 "
-96.41511,32.909998,"col"
-122.0094175,39.2143343,"col-usa"
-74.297333,4.570868,"colombia"
-74.072092,4.7109886,"colombia- bogota"
NA,NA,"colombia- telefono (1) 5187000 cgr@contraloria.gov.co"
-74.072092,4.7109886,"colombia-bogota"
-75.8785348,8.750983,"colombia-cordoba-monteria"
-74.0476236,4.6789529,"colombia-espana"
NA,NA,"colombia-eua"
-74.297333,4.570868,"colombia-latam"
-99.7609631,27.7045499,"colombia-mexico"
-75.8785348,8.750983,"colombia-monteria-"
-75.690601,4.8087174,"colombia-pereira"
-74.297333,4.570868,"colombia-southamerica"
-81.5837421,28.5631619,"colombia-venezuela "
-74.297333,4.570868,"colombia "
-75.3412179,7.1986064,"colombia - antioquia"
-99.0972028,19.5248583,"colombia - argentina - mexico "
-74.072092,4.7109886,"colombia - bogota"
-74.072092,4.7109886,"colombia - bogota d.c."
-75.5441372,6.2946578,"colombia - espana"
-74.297333,4.570868,"colombia - suramerica"
-81.2336428,28.5692695,"colombia - u.s.a"
-73.2436335,10.4742449,"colombia - valledupar/cesar"
-74.0452592,4.7434753,"colombia  & usa"
-75.6756888,4.5350004,"colombia  armenia  quindio"
-75.6756888,4.5350004,"colombia (armenia, quindio)"
NA,NA,"colombia * kariba ati seynekun"
-74.05414,4.66629,"colombia / england"
-117.814262,46.2775138,"colombia / washington"
-4.7871356,37.8943762,"colombia and spain"
-77.0368707,38.9071923,"colombia d. c"
-58.6719986,-34.7092169,"colombia en 2017"
-72.5204827,11.3547743,"colombia la guajira"
NA,NA,"colombia planeta tierra"
-75.54747,5.07476,"colombia rural"
-75.89955,9.26909,"colombia tierra querida! "
-74.072092,4.7109886,"colombia, bogota"
-74.297333,4.570868,"colombia, latinoamerica"
-104.6889502,38.9598594,"colombia, panama y usa"
-74.297333,4.570868,"colombia, sur america"
-74.297333,4.570868,"colombia, suramerica"
-75.89955,9.26909,"colombia, tierra querida"
-74.072092,4.7109886,"colombia,bogota"
-74.297333,4.570868,"colombia."
-74.0476236,4.6789529,"colombia/espana"
-76.541315,3.4512731,"colombiano uribista 1000%"
-95.712891,37.09024,"columbia"
-73.9625727,40.8075355,"columbia university, new york"
-82.9987942,39.9611755,"columbus, oh"
NA,NA,"compra tus entradas ya"
-74.073432,4.695857,"con colombia siempre"
-66.7918338,10.5019235,"con el corazon en venezuela"
NA,NA,"con los pies en la tierra"
-73.087749,41.6032207,"connecticut"
-58.550427,-34.4458456,"constitucion 1886"
NA,NA,"contacto: publicidadyc0ntact0@outlook.com"
-105.2551187,54.5259614,"continente americano"
12.5683372,55.6760968,"copenhagen | global"
-4.7793835,37.8881751,"cordoba"
-4.7793835,37.8881751,"cordoba "
-64.1887761,-31.4200833,"cordoba, argentina"
-75.57405,8.049293,"cordoba, colombia"
-73.165539,10.496537,"corregimiento de guacoche"
-123.2620435,44.5645659,"corvallis, oregon, usa"
-69.9373237,-4.2272539,"costa norte, colombiana"
-83.753428,9.748917,"costa rica"
-77.0478647,38.9139055,"costa rica. mexico. washington"
-74.103121,4.809271,"cota, cundinamarca"
-75.681642,9.402597,"covenas, colombia"
-95.9295725,37.0159484,"cr"
NA,NA,"cruzando el charco"
NA,NA,"cualquier lugar"
NA,NA,"cualquier lugar del mundo"
-77.781167,21.521757,"cuba"
-72.4966896,7.8890971,"cucuta"
-72.4966896,7.8890971,"cucuta - colombia"
-72.4966896,7.8890971,"cucuta colombia "
NA,NA,"cucuta ndes"
-72.4966896,7.8890971,"cucuta, colombia"
-72.4966896,7.8890971,"cucuta, norte de santander"
-72.4966896,7.8890971,"cucuta."
-72.4966896,7.8890971,"cucuta. colombia"
-72.77228,7.539403,"cucutilla, colombia"
-79.0058965,-2.9001285,"cuenca"
-79.0058965,-2.9001285,"cuenca, ecuador"
NA,NA,"cuenta alternativa"
NA,NA,"cuentas claras, cuentas sanas."
-74.0300122,5.026003,"cundinamarca"
-74.0300122,5.026003,"cundinamarca, colombia"
-122.0321823,37.3229978,"cupertino"
-122.0321823,37.3229978,"cupertino, ca"
-71.8853775,-13.5436413,"cusco/lima - peru"
NA,NA,"cynicism as a service"
15.472962,49.817492,"czech republic"
127.766922,35.907757,"daehanmingug"
-76.6908459,3.658519,"dagua"
-96.7969879,32.7766642,"dallas (eu)"
-96.7969879,32.7766642,"dallas, tx"
-96.7969879,32.7766642,"dallas, tx, usa"
-77.0368707,38.9071923,"dc"
-76.930524,39.005728,"dc-area"
-95.9031225,36.0995312,"dc + the world"
-77.0523838,38.924519,"dc metro area"
NA,NA,"de amalfi ant. pa' servirle!!!"
-116.6204891,31.8778273,"de aqui y de alla"
-73.8519319,7.0617085,"de barrancabermeja, santander"
NA,NA,"de cali pero en bogota"
-80.4168404,25.6624875,"de colombia con orgullo"
-74.054353,4.724511,"de cucuta - en bogota colombia"
-102.0230727,20.3756026,"de ideas liberale mde"
NA,NA,"de la estrella regulus aleonis"
-75.5812119,6.244203,"de medellin"
34.267842,31.271631,"deir yassin, palestine"
NA,NA,"del tajo a la sierra de gredos"
-5.6632234,40.9669771,"delegacion de salamanca "
NA,NA,"delhi via london & yorkshire"
NA,NA,"delivering your photos"
-104.990251,39.7392358,"denver"
-104.990251,39.7392358,"denver, co"
-76.6412712,3.8008893,"departamento valle del cauca"
NA,NA,"depends on the day!"
NA,NA,"derecha - soldado de cristo"
39.4387778,39.3073554,"dersim"
-93.6091064,41.6005448,"des moines, ia"
-4.7672584,37.9027396,"des ubicada  "
-8.8894825,39.243323,"desaparecido"
NA,NA,"desde el infinito y mas alla"
-73.9621909,40.6788596,"desde el viejo puerto"
NA,NA,"desubicada a veces"
-40.4997834,-9.4159785,"detras del mundo"
-3.530875,50.7155591,"devon"
-99.133208,19.4326077,"df, mexico"
90.4125181,23.810332,"dhaka, bangladesh"
76.3234037,32.219042,"dharamsala, india"
NA,NA,"dig 30 # 14-49 bogota, d.c."
-111.8790081,40.7621873,"dine bikeyah"
-99.133208,19.4326077,"distrito federal, mexico"
-122.3895378,37.7591221,"dogpatch"
51.5310398,25.2854473,"doha"
51.5310398,25.2854473,"doha, qatar"
NA,NA,"donde el honor me lo exija"
-82.3850254,23.1386631,"donde este la noticia"
-100.9331097,29.3182783,"donde sea."
-75.393831,6.485702,"donmatias, colombia"
13.7372621,51.0504088,"dresden, sachsen"
55.2707828,25.2048493,"dubai, uae"
-6.2603097,53.3498053,"dublin "
-6.2603097,53.3498053,"dublin, ire"
-6.2603097,53.3498053,"dublin, ireland"
-73.0329273,5.8268951,"duitama - boyaca-colombia "
-92.1004852,46.7866719,"duluth"
-78.898619,35.9940329,"durham, nc"
-95.959052,36.084529,"dystopia"
-94.55403,36.177174,"earth"
-78.183406,-1.831239,"ecuador"
-3.188267,55.953252,"edinburgh, scotland"
-3.188267,55.953252,"edinburgh, uk"
-66.7367345,10.5890015,"edo. vargas"
-95.712891,37.09024,"eeuu"
-73.030813,-36.9260306,"eeuu-chile"
30.802498,26.820553,"egipto"
5.4697225,51.441642,"eindhoven"
-75.6608349,4.5448189,"eje cafetero"
NA,NA,"el 3deg sector con el 4deg poder"
-73.973864,9.003507,"el banco, magdalena."
-75.496368,5.0742567,"el caribe colombiano"
-75.496368,5.0742567,"el caribe, colombia."
-76.312996,3.684084,"el cerrito valle del cauca"
NA,NA,"el crater derecho de la luna"
-80.2709979,25.7785142,"el exilio"
NA,NA,"el man esta vivo"
-85.7013104,38.2536728,"el mundo"
-85.7013104,38.2536728,"el mundo "
-106.4826996,35.0938374,"el mundo mundial"
-66.8266233,10.4838632,"el nacional, los cortijos"
-88.89653,13.794185,"el salvador"
-88.89653,13.794185,"el salvador, centroamerica. "
-75.264509,6.139611,"el santuario antioquia"
NA,NA,"email: wayuuaraurayu@gmail.com"
-75.4968502,40.5395421,"emmaus, pa"
NA,NA,"en algun lugar de la mancha "
NA,NA,"en algun lugar del mundo"
NA,NA,"en algun lugar del mundo "
-75.4794257,10.3910485,"en cartagena"
-74.0663293,4.613792,"en chibchombia "
-74.8280496,10.9746319,"en colombia...por fin colombia!"
NA,NA,"en cualquier lugar del mundo."
NA,NA,"en cualquier paraiso"
-99.1370276,19.4271824,"en el exilio "
-99.138899,19.429321,"en el holocausto de mexico "
-97.489417,25.870641,"en el mar de la felicidad."
-91.5139125,14.8378716,"en el mundo"
NA,NA,"en el pais del nunca jamas"
NA,NA,"en el pais mojigato"
-103.4152396,25.518641,"en el pez globo"
-6.0071315,37.3820477,"en espana por ahora "
-110.9803059,29.0883276,"en globo"
NA,NA,"en la espalda del sol"
-95.7193905,29.8250689,"en la olla"
-110.9749411,29.1119488,"en la politica"
-115.409727,32.651362,"en la via"
NA,NA,"en la vida en movimiento"
-80.2755618,25.7932727,"en madrid, miami y latam."
NA,NA,"en mi amada bogota"
NA,NA,"en mi amada ciudad bolivar"
NA,NA,"en otra dimension"
-74.0662622,4.616529,"en toda colombia"
NA,NA,"en toda latinoamerica. "
NA,NA,"en todas partes"
NA,NA,"en todas partes!!"
NA,NA,"en todas partes/everywhere."
NA,NA,"en un alveolo"
NA,NA,"en un cafetal de colombia"
NA,NA,"en una venezuela sana y en paz"
-1.1743197,52.3555177,"england"
-1.1743197,52.3555177,"england, united kingdom"
-3.3615174,40.4699465,"entre espana y america"
-75.5873636,6.1696109,"envigado"
-75.5873636,6.1696109,"envigado, antioquia"
-75.5873636,6.1696109,"envigado, colombia"
-84.1461519,9.920695,"escazu, costa rica"
NA,NA,"escritor, mamerto y senador de la republica."
NA,NA,"esp en  gerencia empresarial"
-3.74922,40.463667,"espana"
NA,NA,"espana liberal y progresista"
-5.6448401,40.9688088,"espana, venezuela & colombia"
NA,NA,"estado civil:en desobediencia "
35.233154,31.952162,"estado de palestina"
-69.8597406,10.1537842,"estado lara"
-63.297505,10.4055886,"estado sucre"
-95.712891,37.09024,"estados unidos"
-74.0949982,4.6369098,"estados unidos- colombia"
7.7521113,48.5734053,"estrasburgo, francia"
-75.597243,6.261095,"eterno verano"
15.2551187,54.5259614,"eu"
-123.0867536,44.0520691,"eugene, oregon"
15.2551187,54.5259614,"europa"
15.2551187,54.5259614,"europe"
-71.4270553,41.821433,"europe & america"
NA,NA,"europe, n.america, latam, asia"
-2.6189273,42.9896248,"euzkadi"
-84.3640829,33.7589188,"everywhere"
NA,NA,"everywhere mothers are"
-84.3640829,33.7589188,"everywhere!"
-122.7314116,49.0042914,"everywhere, worldwide!"
-99.1370276,19.4271824,"exilio"
-96.3372512,36.6678271,"exterior"
-74.354009,4.809984,"facatativa"
NA,NA,"facebook: http://ow.ly/ueex9"
43.7812773,33.3443576,"faluya"
-74.0571937,4.6643524,"famisanar"
-118.3941795,34.143857,"fata morgana."
-8.2193451,43.489646,"ferrol"
NA,NA,"fi (joensuu) / col (bogota) "
-75.6042364,1.6153858,"florencia caqueta "
-75.6042364,1.6153858,"florencia, caqueta, colombia"
-75.6042364,1.6153858,"florencia, colombia"
-81.5157535,27.6648274,"florida"
-81.5157535,27.6648274,"florida "
-77.0239606,38.9169828,"florida & washington, dc"
-81.5157535,27.6648274,"florida, usa"
-56.2202946,-34.0948167,"florida,uruguay"
-73.1069693,7.0723921,"floridablanca, colombia"
-95.8319048,36.1627705,"flying around the world"
-72.851515,10.886123,"fonseca la guajira"
-74.143671,4.673689,"fontibon"
-80.1373174,26.1224386,"fort lauderdale"
-80.1373174,26.1224386,"fort lauderdale, fl"
NA,NA,"fotos de: teresa vargas."
-111.7256936,33.6042079,"fountain hills, arizona"
2.213749,46.227638,"france"
2.213749,46.227638,"france "
-73.5662378,45.4981918,"france / monaco"
13.1713267,32.8651008,"free libya"
NA,NA,"frente jedi patria grande"
-2.4198789,52.7102562,"from all over!"
-80.1373174,26.1224386,"ft lauderdale"
-76.9988669,38.7478222,"ft. washington, md 20744"
-74.361823,4.345152,"fusagasuga, colombia"
-96.013872,36.7576048,"gcc"
6.1431577,46.2043907,"geneva"
6.1431577,46.2043907,"geneva, switzerland"
6.1431577,46.2043907,"geneva, switzerland "
-121.2716988,38.7481052,"genovia"
-82.9000751,32.1656221,"georgia, usa"
-76.269279,3.725234,"ginebra, colombia"
-74.8031414,4.3045959,"girardot, colombia"
-4.251806,55.864237,"glasgow"
-118.255075,34.1425078,"glendale, ca"
-94.597027,39.04395,"global"
-73.9968807,40.7249194,"global citizen"
-97.6642636,35.5770674,"glocal"
NA,NA,"gorilandia"
-74.097368,40.926089,"gotham city"
-73.9834916,40.748449,"graduate center cuny, new york"
6.1436916,46.2209163,"graduate institute, geneva"
NA,NA,"grecia y alrededores."
21.824312,39.074208,"greece"
-72.5204827,11.3547743,"guajira"
-75.442627,6.279597,"guarne, antioquia"
-75.153467,6.231137,"guatape"
-75.153467,6.231137,"guatape, colombia"
-90.230759,15.783471,"guatemala"
-90.230759,15.783471,"guatemala, centroamerica"
-79.9223592,-2.1709979,"guayaquil"
-79.9223592,-2.1709979,"guayaquil, ecuador"
-99.5450974,17.4391926,"guerrero"
NA,NA,"habitante del planeta tierra"
-122.4285862,37.4635519,"half moon bay, california, usa"
31.03351,-17.8251657,"harare, zimbabwe"
-71.1221412,42.3655147,"harvard business school"
-155.5827818,19.8967662,"hawaii, usa"
1.16374,51.116592,"hawkinge, england"
-49.277701,-16.737357,"hazte socia/o"
5.8974233,51.1773069,"heel nederland"
-83.985,42.43472,"hell"
24.9383791,60.1698557,"helsinki, finland"
NA,NA,"here & there. proud canadian."
NA,NA,"here and now - the present"
-122.379066,47.809615,"here and there"
-74.694929,40.774716,"here, there and everywhere"
-74.694929,40.774716,"here, there, everywhere "
-74.0048398,40.7251137,"here."
NA,NA,"hipocresialandia (mzl) co"
-95.712891,37.09024,"hispanoamerica"
-71.3817754,-33.0629329,"holanda y alemania"
-80.1494901,26.0112014,"hollywood, fl"
-86.241905,15.199999,"honduras"
114.109497,22.396428,"hong kong"
-157.8583333,21.3069444,"honolulu, hi"
5.3220544,60.3912628,"hordaland, bergen"
28.0625177,-26.1648722,"houghton, south africa"
-95.3698028,29.7604267,"houston, texas"
NA,NA,"http://goo.gl/jchgh"
-75.5276699,2.5359349,"huila"
-75.5276699,2.5359349,"huila - colombia"
NA,NA,"hzb lthd ldymqrty"
NA,NA,"i'm always home, i'm uncool."
-75.242438,4.444676,"ibague"
-75.242438,4.444676,"ibague (tolima)"
-75.242438,4.444676,"ibague colombia"
-75.242438,4.444676,"ibague tolima"
-75.242438,4.444676,"ibague, colombia"
-75.242438,4.444676,"ibague, tolima"
-118.2229431,33.9626884,"iberoamerica"
NA,NA,"iberoamerica & dc"
NA,NA,"ideaslocalesqueconstruyenpais "
NA,NA,"in london but travelling often"
-87.836186,42.590671,"in my shoes"
9.2464017,45.4703251,"in the back of your mind"
-95.8283374,37.5332246,"in the moment"
-90.1895269,38.6275671,"in transit . "
78.96288,20.593684,"india "
113.921327,-0.789275,"indonesia"
NA,NA,"informacion@cangrejoperez.com"
NA,NA,"instagram @francorjorge"
NA,NA,"instagram @gabodelascasas"
NA,NA,"instagram @mariaconchita_a "
NA,NA,"instagram @mariafelina "
NA,NA,"instagram.com/marcelaalarcon1"
NA,NA,"instagram: @amas"
NA,NA,"instagram: @enghelmusica"
NA,NA,"instagram: @menshealthmag"
NA,NA,"instagram: hassannassar"
NA,NA,"instagram: lindapalma"
-97.3931973,37.64209,"international"
-95.6163665,37.0373005,"internet"
-73.8333975,45.6433362,"internet - libre"
-117.905593,34.089006,"iphone: 32.799828,-96.784111"
-74.041587,40.749339,"iphone: 40.751663,-73.989670"
-77.639504,0.825542,"ipiales narino "
-111.0216253,31.5671768,"irak +9647510693481"
-7.6920536,53.1423672,"ireland"
-80.108746,26.3947178,"ireland & worldwide"
-117.8265049,33.6845673,"irvine, ca"
-63.9113296,10.9970723,"isla de margarita - venezuela"
-63.9113296,10.9970723,"isla de margarita. venezuela"
34.851612,31.046051,"israel"
28.9783589,41.0082376,"istanbul"
28.9783589,41.0082376,"istanbul "
NA,NA,"it's colombia, not columbia"
-75.6146712,6.1675682,"itagui, antioquia"
NA,NA,"italia(milano) ecuadormipais"
-76.5018807,42.4439614,"ithaca, new york"
-76.5018807,42.4439614,"ithaca, ny"
NA,NA,"j.alban@uniandes.edu.co"
140.6689995,-2.5916025,"jayapura"
35.21371,31.768319,"jerusalem, israel"
28.0473051,-26.2041028,"johannesburg, south africa"
-75.8986835,45.3088185,"kanata/canada"
-94.5785667,39.0997265,"kansas city, mo"
NA,NA,"kath 'odon sten ithake"
85.3239605,27.7172453,"kathmandu, nepal"
-122.179195,37.428757,"kcaldeira@carnegiescience.edu"
NA,NA,"keep reining"
NA,NA,"kenosha, wi and washington, dc"
-81.3578859,41.1536674,"kent, oh"
0.5217254,51.2787075,"kent, uk"
-80.1901838,25.7834333,"key biscayne , fla /  bogota"
72.9593587,20.5230393,"killa town"
45.079162,23.885942,"kingdom of saudi arabia"
-76.4859544,44.2311717,"kingston, on canada"
-83.9207392,35.9606384,"knoxville, tn"
37.6174994,55.7520233,"kremlin, moscow"
NA,NA,"l'amunt "
-99.1191514,19.2817854,"la - cdmx - az"
-118.243571,34.042079,"la / ny"
-74.0059728,40.7127753,"la | nyc | austin "
NA,NA,"la bodega de petro. "
-73.968631,4.720521,"la calera cundinamarca"
-73.968631,4.720521,"la calera, colombia"
-111.761497,32.968403,"la casa de ritmo"
-75.3932916,6.0033698,"la ceja-la union(antioquia)"
-73.1227416,7.119349,"la ciudad bonita, colombia"
-83.9320806,13.8394456,"la costa caribe"
NA,NA,"la distancia adecuada."
-75.635586,6.138751,"la estrella - antioquia"
-67.7702713,10.4871277,"la fuerza de la independencia"
-72.5204827,11.3547743,"la guajira"
-82.3665956,23.1135925,"la habana, cuba"
-75.4905436,10.3996747,"la heroica"
-117.2712717,32.8328112,"la jolla, ca"
-68.1192936,-16.489689,"la paz"
-68.1192936,-16.489689,"la paz, bolivia"
-57.9535657,-34.9204948,"la plata, argentina"
-57.9535657,-34.9204948,"la plata, buenos aires"
-57.945498,-34.912705,"la red del conocimiento"
-71.228864,-29.877365,"la serena, #diaguita"
-71.2519374,-29.9026691,"la serena, chile"
-75.3609759,5.973839,"la union, antioquia."
-118.272654,34.022363,"la/sanctuary city of angels "
-72.3180631,18.4993067,"laboule.rte de kenscoff"
-73.9352473,4.4997924,"laguna de bogota"
-69.8597406,10.1537842,"lara, venezuela"
-95.9579757,36.161971,"las americas"
-70.5573124,-33.3989812,"las condes, chile"
-56.214709,-34.7075472,"las piedras. uruguay "
-58.4242218,-34.5831009,"las pizarrinas"
-115.1398296,36.1699412,"las vegas"
-115.1516498,36.1312496,"las vegas | nyc | seattle"
-118.4092011,33.9431128,"latam"
-118.4092011,33.9431128,"latamc"
-61.3268535,-4.4420385,"latin america"
-61.3268535,-4.4420385,"latinamerica"
-61.3268535,-4.4420385,"latinoamerica"
-80.3145645,43.3537374,"latinoamerica unida"
-66.8587468,10.4748752,"latinoamerica y el caribe "
-106.0991028,28.6903917,"latinoamerica y espana"
-95.2352501,38.9716689,"lawrence, ks"
-95.6598042,29.708452,"learn english !"
-92.6637865,37.6805967,"lebanon | lbnn"
NA,NA,"lejos de los indios"
NA,NA,"lejos de mis perros"
-119.7871897,34.4272379,"lejos de santos"
-69.935907,-4.203165,"leticia, amazonas"
4.7005176,50.8798438,"leuven, belgium"
17.228331,26.3351,"libya/uk"
-77.042754,-12.0463731,"lima"
-77.042754,-12.0463731,"lima-peru"
-77.042754,-12.0463731,"lima - peru"
-77.042754,-12.0463731,"lima metropolitana, peru"
-77.042754,-12.0463731,"lima peru"
-77.042754,-12.0463731,"lima, peru"
9.6789333,47.5797815,"lindau, germany"
NA,NA,"litoral pacifico colombiano"
-2.0348803,42.6681286,"llanos orientales"
0.6200146,41.6175899,"lleida, spain"
-75.1425709,39.9653813,"localhost"
-79.2112769,-4.0078909,"loja-ecuador"
-0.1277583,51.5073509,"london"
-73.9805361,40.7634381,"london & new york"
-0.1270141,51.5299848,"london nw1 2db"
-0.1277583,51.5073509,"london town, blighty"
-0.1277583,51.5073509,"london uk"
-0.1277583,51.5073509,"london, england"
-0.1277583,51.5073509,"london, england "
-0.075298,51.5509232,"london, istanbul"
-0.0814374,51.5187516,"london, liverpool and st ives"
-73.9920304,40.7140774,"london, new york, hong kong"
-0.0722785,51.6049674,"london, tottenham"
-0.1277583,51.5073509,"london, uk"
-0.1277583,51.5073509,"london, united kingdom"
NA,NA,"london, wales, wherever"
-0.1277583,51.5073509,"londres, inglaterra."
-118.1937395,33.7700504,"long beach, ca"
-75.8136245,9.2376398,"lorica cordoba"
-118.2436849,34.0522342,"los angeles"
-118.2436849,34.0522342,"los angeles "
-118.287612,34.110629,"los angeles / mexico city"
-118.2436849,34.0522342,"los angeles ca"
-118.2436849,34.0522342,"los angeles, ca"
-118.2436849,34.0522342,"los angeles, california"
8.951052,46.0036778,"lugano, switzerland"
6.129583,49.815273,"luxembourg"
NA,NA,"ma but grew up in cali"
-79.9553924,-3.2581112,"machala"
-74.001682,40.737046,"macondo"
-89.4012302,43.0730517,"madison, wi"
-3.7037902,40.4167754,"madrid"
-74.1061941,4.5619479,"madrid - bogota"
-3.7037902,40.4167754,"madrid - spain"
-3.7037902,40.4167754,"madrid (spain)"
-74.1061941,4.5619479,"madrid / bogota "
-74.2627569,4.733779,"madrid cundinamarca colombia"
-3.7037902,40.4167754,"madrid, comunidad de madrid"
-74.2627569,4.733779,"madrid, cundinamarca"
-3.7037902,40.4167754,"madrid, espana"
-3.6654546,40.431114,"madrid, roma "
-3.7620912,40.3648304,"madrid, sevilla y elche"
-3.7037902,40.4167754,"madrid, spain"
-3.6831912,40.4508444,"madrid, spain - nueva york,usa"
-3.7037902,40.4167754,"madrid,espana . "
-74.2627569,4.733779,"madrid/latin america"
NA,NA,"magdalena medio. sur del cesar"
-4.4213988,36.7212737,"malaga"
-4.8824474,36.510071,"malaga-marbella"
101.975766,4.210484,"malaysia"
14.375416,35.937496,"malta"
3.2095318,39.5697165,"manacor"
-86.2361744,12.1149926,"managua, nicaragua"
-86.2361744,12.1149926,"managua, nicaragua."
-2.2426305,53.4807593,"manchester"
-73.9712488,40.7830603,"manhattan, ny"
NA,NA,"manizaleno en bogota"
-75.5138166,5.070275,"manizales"
-74.054509,4.6781075,"manizales - bogota"
-75.5138166,5.070275,"manizales caldas colombia "
-75.5138166,5.070275,"manizales, caldas"
-75.5138166,5.070275,"manizales, caldas, colombia."
-75.5138166,5.070275,"manizales, colombia"
-95.9912597,36.1383324,"mansion house"
-3.8646893,40.7262858,"manzanares el real, espana"
-95.6353071,36.6993866,"mar "
-71.6125366,10.642707,"maracaibo, venezuela"
NA,NA,"maricelamarulandamanager.com"
-122.7633036,38.083403,"marin, california"
-51.9330558,-23.4209995,"maringa-pr-brasil"
-75.341462,6.176967,"marinilla-antioquia"
-75.341462,6.176967,"marinilla, antioquia"
-95.468537,37.674105,"marketing "
-76.6412712,39.0457549,"maryland"
-71.3824374,42.4072107,"massachusetts"
-73.015958,7.32278,"matanza, colombia"
-63.1914317,9.7333906,"maturin monagas"
-156.3319253,20.7983626,"maui"
-75.5812119,6.244203,"medellin"
NA,NA,"medellin- #todoporlapatria"
-75.5812119,6.244203,"medellin- colombia"
-75.5812119,6.244203,"medellin-antioquia"
-75.5812119,6.244203,"medellin-colombia"
-73.9873581,40.7003578,"medellin-nyc"
-75.5812119,6.244203,"medellin "
-75.5812119,6.244203,"medellin - antioquia"
-75.553814,6.3100252,"medellin - bogota"
-75.5812119,6.244203,"medellin - colombia"
-75.5812119,6.244203,"medellin - colombia "
-75.5812119,6.244203,"medellin - colombia."
NA,NA,"medellin - rodania [costeno]*"
-94.6098064,38.9835187,"medellin -antioquia -colombia"
NA,NA,"medellin   #unidoshacemosmas"
-75.5812119,6.244203,"medellin  |  colombia"
-75.5812119,6.244203,"medellin (antioquia)"
-75.553814,6.3100252,"medellin / bogota"
-75.5719863,6.2779398,"medellin / carmen de viboral"
-75.5812119,6.244203,"medellin / colombia"
-75.5812119,6.244203,"medellin antioquia"
-75.5812119,6.244203,"medellin antioquia colombia"
-75.5812119,6.244203,"medellin colombia"
NA,NA,"medellin y twitterland "
-75.5812119,6.244203,"medellin( colombia)"
-75.5812119,6.244203,"medellin, antioquia"
-75.5812119,6.244203,"medellin, antioquia  "
-75.5812119,6.244203,"medellin, antioquia, colombia"
-75.5812119,6.244203,"medellin, antioquia, colombia."
-75.576535,6.249668,"medellin, barrio triste."
NA,NA,"medellin, cali, rep dominicana"
-75.5812119,6.244203,"medellin, co"
-75.5812119,6.244203,"medellin, colombia"
-75.5093481,6.2891079,"medellin, colombia / washington, dc"
-75.5812119,6.244203,"medellin, colombia."
-75.5481837,6.2286599,"medellin, eterna primavera "
-75.5812119,6.244203,"medellin,antioquia-colombia"
-75.5812119,6.244203,"medellin,co"
-75.5812119,6.244203,"medellin,colombia"
-75.56036,6.251135,"medellin,colombia,iberoamerica"
-75.5812119,6.244203,"medellin."
-75.5812119,6.244203,"medellin. colombia "
-75.5812119,6.244203,"medellin/ colombia"
-75.5812119,6.244203,"medellin/colombia"
-71.1061639,42.4184296,"medford, ma"
42.5509603,29.2985278,"medio oriente"
144.9630576,-37.8136276,"melbourne, victoria"
144.9630576,-37.8136276,"melbourne, victoria australia "
-74.5765686,40.7870633,"mendham, nj"
-68.8458386,-32.8894587,"mendoza, argentina"
-122.1817252,37.4529598,"menlo park, california"
2.434436,48.566784,"mennecy"
-117.8266585,33.6812364,"merida city shore"
-71.1804988,8.5698244,"merida, venezuela"
-73.6376905,4.1513822,"meta - villavicencio"
NA,NA,"metro es para ciudad mosquera"
121.0222565,14.6090537,"metro manila, philippines"
-70.6504896,-33.4375545,"metropolitana de santiago"
-115.4522623,32.6245389,"mexicali"
-102.552784,23.634501,"mexico"
NA,NA,"mexico-colombia"
-81.5837421,28.5631619,"mexico-colombia-venezuela"
-102.552784,23.634501,"mexico "
-99.133208,19.4326077,"mexico city"
-99.133208,19.4326077,"mexico df"
-58.3977316,-34.6161508,"mexico y buenos aires "
-102.552784,23.634501,"mexico y latinoamerica"
-99.0571905,19.3986809,"mexico y todo el mundo"
-99.133208,19.4326077,"mexico, d.f."
-99.133208,19.4326077,"mexico, d.f. "
-99.133208,19.4326077,"mexico, df"
-99.133208,19.4326077,"mexico, df."
NA,NA,"mexico/colombia/elmundo"
-88.077268,44.579682,"mi ria, mi mar, mi oceano..."
-80.1917902,25.7616798,"miami"
-74.1142198,4.596198,"miami-bogota, d.c., colombia"
NA,NA,"miami-mexico-caracas-madrid"
NA,NA,"miami - bogota - medellin"
-66.8632677,10.4892783,"miami - caracas -  bogota"
-80.1917902,25.7616798,"miami - florida usa"
-80.1917902,25.7616798,"miami - florida, usa"
NA,NA,"miami - maracay [?]"
-75.57053,6.250208,"miami - medellin"
-80.1917902,25.7616798,"miami - usa"
-80.1917902,25.7616798,"miami , florida"
-80.1300455,25.790654,"miami beach, fl"
-80.1917902,25.7616798,"miami fl"
-80.1917902,25.7616798,"miami, fl"
-80.1917902,25.7616798,"miami, fl."
-80.1917902,25.7616798,"miami, florida"
-80.1917902,25.7616798,"miami, florida "
-80.1917902,25.7616798,"miami, florida. usa"
-80.1917902,25.7616798,"miami,fl "
-83.2456242,42.4793482,"michigan/new york city"
-77.7355496,38.9687211,"middleburg, virginia"
-80.1917902,25.7616798,"miiami"
NA,NA,"mil ciudades"
-94.5823061,39.0825197,"milano"
-122.5449763,37.9060368,"mill valley, ca"
-87.9064736,43.0389025,"milwaukee, wisconsin"
-66.4271499,10.2509303,"miranda, venezuela"
NA,NA,"mis opiniones son personales"
NA,NA,"mojon guindao, sucre"
7.4246158,43.7384176,"monaco"
103.846656,46.862496,"mongolia"
-73.57359,5.875987,"moniquira"
NA,NA,"monitoreo@presidencia.colombia"
-76.530538,3.366302,"montanas y ciudades - colombia"
-75.417209,7.976803,"montelibano cordoba"
-75.417209,7.976803,"montelibano, cordoba"
-3.7019337,40.4185112,"montera, 24 - madrid (espana)"
-75.8785348,8.750983,"monteria "
-75.8862899,8.7559707,"monteria - bogota"
-75.8785348,8.750983,"monteria - colombia"
-75.8785348,8.750983,"monteria - cordoba."
-75.8785348,8.750983,"monteria, colombia"
-75.8785348,8.750983,"monteria, colombia."
-75.8785348,8.750983,"monteria, cordoba"
-75.8785348,8.750983,"monteria, cordoba, colombia"
-75.8785348,8.750983,"monteria, cordoba."
-100.3161126,25.6866142,"monterrey, mexico."
-100.3161126,25.6866142,"monterrey, nuevo leon, mexico"
-57.5837258,-37.9836031,"montes de maria"
-103.7283085,19.258715,"montes de maria (col.)"
-56.1645314,-34.9011127,"montevideo, uruguay"
-73.567256,45.5016889,"montreal-quebec-canada"
-73.7230868,45.5166992,"montreal // las vegas"
-101.1949825,19.7059504,"morelia, michoacan"
-99.1013498,18.6813049,"morelos"
37.6172999,55.755826,"moscow"
37.6172999,55.755826,"moscow, russia"
37.6172999,55.755826,"moscu, rusia"
-74.230101,4.706035,"mosquera, colombia"
-122.0838511,37.3860517,"mountain view, ca"
-122.0838511,37.3860517,"mountain view, california"
-108.9906188,25.820527,"muelle de san blas"
72.8776559,19.0759837,"mumbai, india"
-118.0008281,34.1465266,"mundial"
-95.9082993,36.179738,"mundo"
-54.283336,-23.935744,"mundo novo, brasil"
11.5819805,48.1351253,"munich, baviera"
-1.1306544,37.9922399,"murcia"
-56.1645314,-34.9011127,"mvd, uruguay. "
35.12453,32.016219,"nabi saleh"
-87.6366599,41.8945133,"nacional"
-73.9680091,40.7488758,"naciones unidas"
36.8219462,-1.2920659,"nairobi"
36.8219462,-1.2920659,"nairobi, kenya"
-81.7948103,26.1420358,"naples, florida"
-81.7948103,26.1420358,"naples, florida, usa"
-77.35794,1.289151,"narino"
-77.35794,1.289151,"narino colombia"
-77.35794,1.289151,"narino, colombia"
NA,NA,"narnia narco bananera "
NA,NA,"narnialombia"
-86.7816016,36.1626638,"nashville, tn"
NA,NA,"natagaima y chicoral"
-95.6291268,37.0329119,"national."
-95.712891,37.09024,"nationwide"
-117.0222757,32.5110247,"navegando.."
-105.5108312,39.9613759,"nederland"
-75.2809001,2.9344837,"neiva"
-75.2809001,2.9344837,"neiva - huila - colombia"
-75.2809001,2.9344837,"neiva huila colombia."
-75.2809001,2.9344837,"neiva, colombia"
-75.2809001,2.9344837,"neiva, huila"
-75.2809001,2.9344837,"neiva, huila, colombia"
-7.6152815,53.7053782,"neverland"
-77.0441143,35.108493,"new bern, nc"
76.9198194,8.4834201,"new delhi & thiruvananthapuram"
-72.9278835,41.308274,"new haven ct"
-72.9278835,41.308274,"new haven, ct"
-74.4056612,40.0583238,"new jersey"
-75.0931123,40.9256446,"new jersey, usa / colombia"
-90.0715323,29.9510658,"new orleans, la"
-74.0059728,40.7127753,"new york"
NA,NA,"new york-italy-mexico"
-74.0059728,40.7127753,"new york "
NA,NA,"new york * trendsjournal.com"
-90.0702514,30.0231667,"new york and london"
-74.0033322,40.7494279,"new york and the world"
-74.0059728,40.7127753,"new york city"
-74.0059728,40.7127753,"new york city (usually)"
-73.9880747,40.7628948,"new york city / worldwide"
-73.950643,40.6711079,"new york city and the world "
-74.0059728,40.7127753,"new york city, ny, usa"
-74.0059728,40.7127753,"new york city, usa"
-73.9337381,40.8491196,"new york metro area"
-84.3960935,33.8121873,"new york, atlanta, miami"
NA,NA,"new york, london, singapore"
-74.0059728,40.7127753,"new york, new york"
-74.0059728,40.7127753,"new york, ny"
-74.0059728,40.7127753,"new york, ny "
-77.040148,38.9010561,"new york, ny - washington, dc"
-74.0059728,40.7127753,"new york, ny usa"
-74.0059728,40.7127753,"new york, ny, usa"
-71.0777439,42.3467427,"new york, ny/boston, ma"
-74.0059728,40.7127753,"new york, usa"
NA,NA,"new york, washington dc, miami"
-74.0059728,40.7127753,"new york. eeuu"
-74.0143064,40.7878788,"new york/new jersey"
174.885971,-40.900557,"new zealand"
-117.9298493,33.6188829,"newport beach, california"
-73.3035651,41.4141172,"newtown ct"
-123.1239697,49.2784509,"next in vancouver bc"
-59.203163,-38.2837605,"nicanor olivera. argentina"
-85.207229,12.865416,"nicaragua"
8.675277,9.081999,"nigeria"
-98.2979037,19.0690903,"ninguna"
NA,NA,"nola-africa-amsterdam-austin"
-72.8988069,7.9462831,"norte de santander, colombia"
-105.2551187,54.5259614,"north america"
-79.0192997,35.7595731,"north carolina"
-6.4923145,54.7877149,"northern ireland"
8.468946,60.472024,"norway"
-95.8893163,36.0665448,"not available"
-83.6125678,42.4285954,"nottingham & norfolk"
-0.9936306,53.100319,"nottinghamshire, uk"
-58.4443845,-34.6231446,"now in buenos aires, argentina"
-74.0059728,40.7127753,"nueva york"
-6.5967865,53.3798527,"nui maynooth, kildare, ireland"
-98.5786031,35.549284,"nutopia"
-74.0059728,40.7127753,"ny"
-74.0059728,40.7127753,"ny, ny"
-74.0059728,40.7127753,"nyc"
NA,NA,"nyc - boston - chicago - sf"
NA,NA,"nyc & dc, mostly"
-83.0532168,42.3311478,"nyc & michigan"
-73.962679,40.769436,"nyc / sf"
-73.9815337,40.7388319,"nyc, ny 10010"
NA,NA,"nyc/la/sf/dc"
6.2347852,46.3832683,"nyon, vaud"
-74.2179326,43.2994285,"nys"
-122.2711137,37.8043637,"oakland, ca"
-122.2747021,37.8264612,"oakland, ca (and everywhere)"
-122.2711137,37.8043637,"oakland, california"
-3.4982579,39.9569147,"ocana"
-73.3532199,8.25205,"ocana, n de s, colombia"
-108.5930954,45.7533775,"of. 56802275 / cel  5532238835"
-95.9345034,41.2565369,"omaha, ne"
NA,NA,"on ios, android, kindle"
-87.409727,39.465177,"on virtual world"
-95.460253,37.6883305,"online "
-85.323214,51.253775,"ontario, canada"
NA,NA,"opiniones personales"
-117.8311428,33.7174708,"orange county,  california"
NA,NA,"orgullosamente de marinilla"
-75.1545381,6.0309469,"oriente antioqueno"
-76.880163,0.67688,"orito, colombia"
-81.3792365,28.5383355,"orlando, fl"
-81.0558894,29.2858129,"ormond beach, fl"
10.7522454,59.9138688,"oslo"
10.7522454,59.9138688,"oslo, norway"
19.2097782,50.0343982,"oswiecim, polska"
-74.0764771,4.6410483,"otra vez en bogota"
-75.6971931,45.4215296,"ottawa-gatineau"
-75.6971931,45.4215296,"ottawa, on"
-90.3661961,38.5182061,"our world "
-80.9405602,44.5690305,"owen sound, ontario, canada"
-97.1644627,37.2793222,"oxford"
-1.2577263,51.7520209,"oxford uk"
-1.2577263,51.7520209,"oxford, uk"
-1.2543668,51.7548164,"oxford, uk | bogota, colombia"
-1.2464674,51.7612056,"oxfordshire, england"
-122.4869194,37.6138253,"pacifica, ca"
-75.657911,40.593175,"pagina oficial:"
1.097093,41.155252,"paisos catalans"
NA,NA,"palacio de ciliaflores"
35.233154,31.952162,"palestine"
-80.1386547,26.8233946,"palm beach gardens, fl"
-80.0364297,26.7056206,"palm beach, fl, usa"
2.6501603,39.5696005,"palma de mallorca"
-80.3247748,25.6217715,"palmetto bay, fl"
-76.2971657,3.5379718,"palmira, colombia"
-122.1430195,37.4418834,"palo alto"
-122.1430195,37.4418834,"palo alto, ca"
-1.6457745,42.812526,"pamplona"
-1.6457745,42.812526,"pamplona (navarra, espana)"
-96.8137174,32.689992,"pan africa "
-80.782127,8.537981,"panama"
-79.5198696,8.9823792,"panama city"
-83.3317196,42.3295698,"pandemonium"
-75.1488806,45.7755108,"papineau"
-58.443832,-23.442503,"paraguay"
2.3522219,48.856614,"paris"
2.437202,48.9614725,"paris-le bourget"
2.3522219,48.856614,"paris "
2.3522219,48.856614,"paris - france"
NA,NA,"paris (f)-medellin(col)"
NA,NA,"paris et grand quevilly"
2.3522219,48.856614,"paris, france"
-46.658064,-23.559588,"paris, france / sao paulo"
2.3522219,48.856614,"paris, ile-de-france"
NA,NA,"partido conservador"
2.3244679,50.5732769,"pas-de-calais"
-118.1445155,34.1477849,"pasadena, ca"
-77.285787,1.2058837,"pasto"
-74.074225,4.6704699,"pasto-bogota"
-74.09279,4.577825,"pasto|linares (n)|bogota"
-57.4706615,-37.7772176,"peninsula antartica "
-77.1945247,41.2033216,"pennsylvania, usa"
-75.178333,6.223611,"penol, colombia"
-75.690601,4.8087174,"pereira"
-75.690601,4.8087174,"pereira- colombia"
-75.690601,4.8087174,"pereira - colombia"
NA,NA,"pereira la llevo puesta"
-75.690601,4.8087174,"pereira, colombia"
-75.690601,4.8087174,"pereira, colombia, sur america"
-75.690601,4.8087174,"pereira, risaralda"
-75.690601,4.8087174,"pereira, risaralda, colombia"
-75.690601,4.8087174,"pereira, risaralda."
-75.690601,4.8087174,"pereira."
NA,NA,"periodista, editora. colombia "
NA,NA,"periodista. mediaset. "
NA,NA,"periodista. tuits personales. "
-95.5669489,41.5805459,"persia"
115.8604572,-31.9505269,"perth, australia"
-75.015152,-9.189967,"peru"
-75.015152,-9.189967,"peru."
-122.6366524,38.232417,"petaluma, ca"
-95.7393282,36.2434853,"petro's warehouse"
-43.1779137,-22.5112638,"petropolis, rj, brazil"
-75.1652215,39.9525839,"philadelphia, pa"
-75.1749671,39.9682609,"philadelphia, pa 19130"
-75.1652215,39.9525839,"philadelphia, pennsylvania"
-75.1652215,39.9525839,"philadelphia, usa"
-77.0101217,38.8984278,"phoenix, az / washington, dc"
-73.053998,6.991539,"piedecuesta, colombia"
2.144747,41.40483,"pies en barcelona"
-76.048869,1.85298,"pitalito"
-79.9958864,40.4406248,"pittsburgh, pa"
-79.6558242,22.3179093,"placetas, villa clara, cuba"
-87.771964,41.909611,"planet earth"
-96.729366,40.792305,"planet earth (water)"
-100.1543366,25.6497543,"planeta azul "
NA,NA,"planeta namekusei"
-68.9321185,-22.4638195,"planeta tierra"
-68.9321185,-22.4638195,"planeta tierra, "
-93.1640453,45.0043047,"platos de a3"
-87.0738851,20.6295586,"playa del carmen"
NA,NA,"please do not dm"
-2.9464435,43.4046859,"plentzia, bizkaia, espana"
-0.1327506,38.5421378,"pluton *the planet*"
NA,NA,"politicamente correcto"
-76.6147395,2.4448143,"popayan"
-76.6147395,2.4448143,"popayan - cauca"
-76.6147395,2.4448143,"popayan, cauca, colombia."
-76.6147395,2.4448143,"popayan, colombia"
-58.4446314,-34.5907601,"por ahi..."
-3.6937439,40.4588461,"por el mundo "
NA,NA,"por todas partes"
NA,NA,"por todo santander, colombia"
-72.3074326,18.594395,"port au prince, haiti"
-77.0411974,38.9046243,"portland, or & washington, dc"
-51.2176584,-30.0346471,"porto alegre.rs.brasil."
-8.224454,39.399872,"portugal"
-77.0053807,-12.2081732,"premio simon bolivar 2009"
NA,NA,"prensapaisa@hotmail.com"
NA,NA,"preorder presidents of war:"
-74.6514481,40.3439888,"princeton university"
-74.6672226,40.3572976,"princeton, nj"
NA,NA,"prision politica sebin"
-71.0547921,42.3567155,"proud bostonian"
-71.4128343,41.8239891,"providence, rhode island"
-71.4128343,41.8239891,"providence, ri"
-76.500191,0.504929,"puerto asis putumayo"
-74.4088,6.477755,"puerto berrio, colombia"
-64.6334643,10.2007985,"puerto la cruz-venezuela "
-62.6496813,8.3663119,"puerto ordaz"
-66.590149,18.220833,"puerto rico"
-55.0240801,-26.8063572,"puerto rico / argentina"
-72.408389,8.361323,"puerto santander, colombia"
NA,NA,"puj-unal-uniandes"
-73.7144477,41.0400135,"purchase, ny"
-75.5276699,0.4359506,"putumayo, colombia"
51.183884,25.354826,"qatar "
-100.3898881,20.5887932,"queretaro"
-100.3898881,20.5887932,"queretaro, mexico"
-76.649812,5.695633,"quibdo - choco"
-76.649812,5.695633,"quibdo choco colombia"
-76.649812,5.695633,"quibdo, colombia"
NA,NA,"quilla"
-75.667356,4.4610191,"quindio, colombia"
-78.4678382,-0.1806532,"quito"
-78.4678382,-0.1806532,"quito-ecuador"
-78.4678382,-0.1806532,"quito - ecuador"
-78.4678382,-0.1806532,"quito, ecuador"
-78.4678382,-0.1806532,"quito,ecuador"
35.2034184,31.9037641,"ramallah - palestine"
-0.9781303,51.4542645,"reading, england"
-122.121512,47.6739881,"redmond, wa"
-122.2363548,37.4852152,"redwood city, ca"
-75.545273,10.4208148,"region caribe"
-3.435973,55.378051,"reinounido"
127.766922,35.907757,"republic of korea"
-74.297333,4.570868,"republica de colombia"
-80.782127,8.537981,"republica de panama"
-70.162651,18.735693,"republica dominicana"
-74.1057015,4.6586197,"republica federal de colombia"
NA,NA,"republica medieval de colombia"
-77.3570028,38.9586307,"reston, va"
-75.502582,6.060955,"retiro antioquia."
-71.4774291,41.5800945,"rhode island"
113.18294,39.561119,"ri ben  dong jing "
-43.1728965,-22.9068467,"rio de janeiro"
-58.4304498,-34.6089023,"rio de janeiro / buenos aires"
-43.1728965,-22.9068467,"rio de janeiro, brazil"
-51.2176986,-30.0346316,"rio grande do sul"
-72.9167838,11.5384151,"riohacha, colombia"
-72.9167838,11.5384151,"riohacha, la guajira"
-75.375085,6.144837,"rionegro - antioquia"
-75.375085,6.144837,"rionegro (antioquia)"
-75.383912,6.1350044,"rionegro sector gualanday"
-75.375085,6.144837,"rionegro, antioquia"
-75.375085,6.144837,"rionegro, antioquia colombia"
-75.375085,6.144837,"rionegro, antioquia, colombia"
-75.375085,6.144837,"rionegro, antioquia, colombia."
-75.375085,6.144837,"rionegro, colombia"
-75.375085,6.144837,"rionegro, oriente antioqueno."
-75.375085,6.144837,"rionegro. antioquia"
-77.115176,7.438388,"riosucio choco"
-75.9927652,5.3158475,"risaralda, colombia"
NA,NA,"rolo, en medeshin"
-95.0860407,36.481123,"roma"
NA,NA,"roma ano 2771 ab vrbe condita"
12.4963655,41.9027835,"rome, italy"
4.4777326,51.9244201,"rotterdam "
-97.678896,30.5082551,"round rock tx"
NA,NA,"roya@digitalcitizenfund.org"
NA,NA,"rt's aren't endorsements."
-118.2914872,33.9891116,"s los angeles "
-74.08351,4.60733,"sabana de bogota, colombia"
-75.61682,6.150559,"sabaneta, colombia"
-75.446001,8.950643,"sahagun - cordoba"
-75.446001,8.950643,"sahagun - cordoba - colombia"
4.3871779,45.439695,"saint-etienne france"
-5.6481184,-15.9623079,"saint helena, ascension and tr"
NA,NA,"sali y ahora no puedo entrar"
-75.622991,6.1667346,"samaria en bogota"
-81.7075787,12.5450153,"san andres islas"
-81.7075787,12.5450153,"san andres islas - colombia"
-81.7075787,12.5450153,"san andres, colombia"
-75.294937,-13.50116,"san antonio de cusicancha, per"
-122.4110835,37.6304904,"san bruno, ca"
-72.2261466,7.7713572,"san cristobal venezuela"
-117.2340135,32.8800604,"san diego (ucsd)"
-117.1610838,32.715738,"san diego, ca"
-117.1610838,32.715738,"san diego, california"
NA,NA,"san fran austin miami beach"
-122.4194155,37.7749295,"san francisco"
-122.3938076,37.7545039,"san francisco & marin"
-122.4194155,37.7749295,"san francisco, ca"
-122.4194155,37.7749295,"san francisco, ca "
-122.4194155,37.7749295,"san francisco, california"
-75.120521,9.834832,"san jacinto, colombia"
-121.8863286,37.3382082,"san jose, ca"
-84.0907246,9.9280694,"san jose, costa rica"
-77.285787,1.2058837,"san juan de pasto."
-66.1057355,18.4655394,"san juan, puerto rico"
-122.3255254,37.5629917,"san mateo, ca"
-89.2181911,13.6929403,"san salvador"
-89.2181911,13.6929403,"san salvador, el salvador"
-74.7732056,2.1136446,"san vicente del caguan "
-119.6981901,34.4208305,"santa barbara, california, usa"
-74.070245,4.611238,"santa fe de bogota"
-74.070245,4.611238,"santa fe de bogota, colombia"
-105.937799,35.6869752,"santa fe, nm"
-74.2110227,11.2403547,"santa marta"
-74.2110227,11.2403547,"santa marta- colombia"
-74.2110227,11.2403547,"santa marta "
-74.2110227,11.2403547,"santa marta (colombia)"
-74.2110227,11.2403547,"santa marta (magdalena)"
-74.2110227,11.2403547,"santa marta / magdalena"
-74.2110227,11.2403547,"santa marta colombia"
NA,NA,"santa marta d.t.c.h. colombia"
NA,NA,"santa marta dtch y bogota dc"
-74.1159211,4.5262296,"santa marta y bogota"
-74.2110227,11.2403547,"santa marta, colombia"
-74.2110227,11.2403547,"santa marta, colombia."
-74.2125215,11.2452405,"santa marta, dtch"
-74.2110227,11.2403547,"santa marta, magdalena"
-74.2110227,11.2403547,"santa marta,colombia"
-74.2125215,11.2452405,"santa marta,d.t.c.h."
-118.335123,34.090442,"santa monica & worldwide"
-75.62239,4.870121,"santa rosa de cabal "
-75.460901,6.648271,"santa rosa de osos"
-74.0520439,7.9629547,"santa rosa del sur, colombia"
-89.2894733,13.6757837,"santa tecla, el salvador"
-74.070245,4.611238,"santafe de bogota - colombia"
-73.6536209,6.6437076,"santander - colombia"
-76.484533,3.01228,"santander de quilichao"
-73.6536209,6.6437076,"santander, colombia"
-94.5861717,39.0580241,"santcugat|madrid|latam"
-70.6692655,-33.4488897,"santiago"
-70.6692655,-33.4488897,"santiago- chile"
-70.6692655,-33.4488897,"santiago / chile"
-76.5319854,3.4516467,"santiago de cali"
-76.5319854,3.4516467,"santiago de cali "
-76.5319854,3.4516467,"santiago de cali, colombia"
-76.5319854,3.4516467,"santiago de cali, colombia. "
-70.6692655,-33.4488897,"santiago de chile"
-70.6692655,-33.4488897,"santiago de chle"
-8.5448445,42.8782132,"santiago de compostela, espana"
-70.6692655,-33.4488897,"santiago, chile"
-70.6692655,-33.4488897,"santiago, chile."
NA,NA,"santiagombmx@gmail.com "
-69.9312117,18.4860575,"santo domingo, r.d."
-69.9312117,18.4860575,"santo domingo, rd"
-69.9312117,18.4860575,"santo domingo, rep. dominicana"
-74.756499,10.763286,"santo tomas (atl.), colombia"
-46.6333094,-23.5505199,"sao paulo"
-106.0992338,28.6861824,"sao paulo & buenos aires"
-46.6333094,-23.5505199,"sao paulo, brasil"
-46.6333094,-23.5505199,"sao paulo, brazil"
-71.872595,6.956107,"saravena, arauca"
-122.6817903,45.510137,"saturno"
-81.093226,32.067178,"savannah, ga in 2018"
-73.9981597,40.5721531,"sea via nyc"
-122.587629,47.115941,"seattle (via sacramento)"
-122.3320708,47.6062095,"seattle, wa"
-122.3205814,47.6223753,"seattle, wa and everyewhere..."
-122.3320708,47.6062095,"seattle, washington"
-122.3320708,47.6062095,"seattle, washington, usa"
NA,NA,"secretaria@relpe.org"
NA,NA,"seoul mumbai  moscow prague "
-5.9844589,37.3890924,"sevilla"
-122.4194155,37.7749295,"sf"
NA,NA,"sf / la / nyc"
-78.5121447,-0.2147039,"sf / ny / sin"
NA,NA,"siempre a la derecha!"
NA,NA,"siempre sere"
NA,NA,"siguenos en @cimpi2014"
-122.0575434,37.387474,"silicon valley, california"
-99.2226743,19.4601308,"sin rumbo fijo......."
-75.3905567,9.3045773,"sincelejo"
-75.3905567,9.3045773,"sincelejo -  sucre"
-75.3905567,9.3045773,"sincelejo - colombia"
-75.3905567,9.3045773,"sincelejo - sucre"
-75.3905567,9.3045773,"sincelejo - sucre colombia."
-75.3905567,9.3045773,"sincelejo, colombia"
-75.3905567,9.3045773,"sincelejo, sucre"
-75.3905567,9.3045773,"sincelejo,sucre"
103.819836,1.352083,"singapore"
NA,NA,"sintonizanos:"
NA,NA,"sn bdo vto -cordoba- colombia."
5.0411469,43.3292247,"snsm"
-74.2117465,4.5827227,"soacha - cundinamarca"
-74.2117465,4.5827227,"soacha, colombia"
39.7341543,43.6028079,"sochi"
5.299197,52.1763515,"soest, netherlands"
-72.9311289,5.7160848,"sogamoso"
-72.9311289,5.7160848,"sogamoso, boyaca, colombia"
-72.9311289,5.7160848,"sogamoso, colombia"
NA,NA,"somewhere on the planet"
-80.1448023,40.7866883,"somewhere over the rainbow"
NA,NA,"somewhereinthemiddleofnowhere"
NA,NA,"somos la derecha"
-55.491477,-8.783195,"south america"
-80.1340772,25.7826123,"south beach, fl"
-72.5678041,40.8598656,"southampton, ny"
-85.6023643,44.3148443,"southeast michigan"
NA,NA,"soy de alla, pero vivo aca."
-122.3845581,47.6672782,"space oddity"
-3.74922,40.463667,"spain"
-90.1994042,38.6270025,"st louis, mo"
-82.6402915,27.7676008,"st petersburg, florida "
-90.4125181,38.6103023,"st. louis county, mo"
NA,NA,"standing next to you"
-122.169719,37.4274745,"stanford university"
-122.1660756,37.424106,"stanford, ca"
-122.1660756,37.424106,"stanford, calif."
-122.1660756,37.424106,"stanford, california"
-0.196612,51.903761,"stevenage - england"
-69.9312117,18.4860575,"sto. dgo., rep. dom."
18.0685808,59.3293235,"stockholm"
18.0685808,59.3293235,"stockholm, sweden"
-1.726444,51.931364,"stow on the wold"
7.7521113,48.5734053,"strasbourg"
4.4174655,50.8792632,"strasbourg / brussels"
-66.784376,10.50867,"sucre, miranda venezuela"
8.227512,46.818188,"suisse"
8.227512,46.818188,"suiza"
NA,NA,"suma tu firma en @cubadecide "
-122.0363496,37.36883,"sunnyvale, ca"
18.643501,60.128161,"sweden"
NA,NA,"swiss global citizen"
8.227512,46.818188,"switzerland"
151.2092955,-33.8688197,"sydney"
38.996815,34.802075,"syria"
-84.2807329,30.4382559,"tallahassee, fl"
-84.2807329,30.4382559,"tallahassee, florida"
-97.2434935,37.6897989,"tame"
-93.2660236,36.6459919,"tanger"
NA,NA,"tarot y tre"
NA,NA,"te hablo desde la prision..."
NA,NA,"tecleo desde un pianobar #tfb"
-87.192136,14.0722751,"tegucigalpa"
51.3889736,35.6891975,"tehran, iran"
NA,NA,"tercera esfera entorno al sol"
-99.9018131,31.9685988,"texas"
-99.9018131,31.9685988,"texas, usa"
-122.2913078,37.8271784,"the bay area"
NA,NA,"the bright continent"
4.3006999,52.0704978,"the hague, the netherlands"
-95.4612625,30.1658207,"the woodlands, tx"
55.1651934,25.2278288,"the world"
55.1651934,25.2278288,"the world "
-77.082907,38.74476,"the world is my home"
-58.5796585,-34.425087,"tigre, argentina."
NA,NA,"to & instagram: captain_cammy"
NA,NA,"toda america latina"
-74.0662622,4.616529,"toda colombia"
NA,NA,"todos podemos cambiar el mundo"
139.6917064,35.6894875,"tokyo"
-75.1545381,4.0925168,"tolima, colombia"
-175.198242,-21.178986,"tonga"
151.9506696,-27.5598212,"toowoomba, queensland"
-95.6751576,39.0473451,"topeka, kansas"
-95.6751576,39.0473451,"topeka, ks"
-76.2704,2.9562909,"toribio, colombia"
7.6868565,45.070312,"torino, piemonte"
-79.3831843,43.653226,"toronto"
-79.3831843,43.653226,"toronto, canada"
-79.3831843,43.653226,"toronto, on"
-79.3831843,43.653226,"toronto, ontario"
1.444209,43.604652,"toulouse"
-73.9806641,40.7514308,"touring the world"
-0.128069,51.508039,"trafalgar square, london"
-110.9747108,32.2226066,"tucson, az"
-71.1190232,42.4074843,"tufts university"
-76.1914991,4.089869,"tulua"
-76.1914991,4.089869,"tulua-valle-colombia"
-76.1914991,4.089869,"tulua - valle, colombia"
-76.1914991,4.089869,"tulua, valle del cauca"
-78.791265,1.787434,"tumaco colombia"
-78.791265,1.787434,"tumaco narino "
-73.3575572,5.5446422,"tunja"
-73.3575572,5.5446422,"tunja-boyaca"
-73.3575572,5.5446422,"tunja - boyaca - colombia"
-73.3575572,5.5446422,"tunja boyaca"
-73.3575572,5.5446422,"tunja, boyaca"
-73.3575572,5.5446422,"tunja, colombia"
-95.7070615,37.2230892,"turbo"
7.6868565,45.070312,"turin, piedmont"
35.243322,38.963745,"turkey"
-83.6800512,9.9067054,"turrialba, costa rica"
-122.4166041,37.7767964,"twitter hq"
-95.712891,37.09024,"u.s."
-95.712891,37.09024,"u.s. department of state"
-95.712891,37.09024,"u.s.a."
-95.712891,37.09024,"ue-eeuu"
-3.435973,55.378051,"uk"
NA,NA,"ultra derecha"
NA,NA,"un ciudadano global"
NA,NA,"unete y escribe "
-3.435973,55.378051,"united kingdom"
-93.9532443,37.3863288,"united nations"
-95.712891,37.09024,"united states"
13.3784713,52.515743,"united states & germany"
-95.712891,37.09024,"united states of america"
-66.8891696,10.4883502,"universidad central de venezuela"
-74.0664457,4.6014855,"universidad de los andes"
-66.050151,18.40461,"universidad de puerto rico"
-97.7340567,30.2849185,"university of texas at austin"
NA,NA,"universo"
-76.983948,8.362334,"uraba"
-72.2659391,11.7149978,"uribia la guajira"
NA,NA,"uribista  y centro democratico"
-76.13181,6.313861,"urrao, colombia"
-55.765835,-32.522779,"uruguay"
-95.712891,37.09024,"us"
-95.712891,37.09024,"us,latam"
-95.712891,37.09024,"usa"
NA,NA,"usa (formerly @usnoaagov)"
NA,NA,"usa / colombia / peru / brasil"
-77.2190849,38.9322456,"usa today hq, mclean, va."
-109.7229877,40.9885591,"ut: -22.93364,-43.186087"
-113.5844769,37.1101433,"ut: -34.595723,-58.418809"
-112.2713013,39.0990669,"ut: 10.211407,-64.648254"
-111.6763337,41.0359539,"ut: 10.301793,-66.828775"
-111.6763337,41.0359539,"ut: 10.494456,-66.826093"
-111.6763337,41.0359539,"ut: 10.496082,-66.853998"
-110.9649907,39.3250971,"ut: 10.6121364,-72.9733973"
-111.7956959,40.3769321,"ut: 10.995413,-74.813665"
-111.7956959,40.3769321,"ut: 10.999549,-74.801298"
-111.7961651,40.37705,"ut: 11.19048,-74.227806"
-111.7961651,40.37705,"ut: 11.22949,-74.214569"
-110.0717349,40.1934716,"ut: 11.380586,-72.241595"
-110.9603933,41.2661313,"ut: 25.75395,-80.20197"
-110.9603933,41.2661313,"ut: 25.823566,-80.131179"
15.1452785,59.7163037,"ut: 3.530664,-76.381969"
-113.5816662,37.1096721,"ut: 34.022451,-84.259735"
-111.6488279,40.1612719,"ut: 38.898871,-77.031019"
-111.7956962,40.3768203,"ut: 4.2119656,-74.6848978"
-111.7956962,40.3768203,"ut: 4.59517,-74.077369u"
-111.7956962,40.3768203,"ut: 4.595704,-74.076151"
-111.7956962,40.3768203,"ut: 4.601251,-74.063815"
-111.7956962,40.3768203,"ut: 4.60987,-74.082"
-111.7956962,40.3768203,"ut: 4.615246,-74.066386"
-111.7956962,40.3768203,"ut: 4.622501,-74.064933"
-111.7956962,40.3768203,"ut: 4.624224,-74.069198"
-111.7956962,40.3768203,"ut: 4.627714,-74.067632"
-111.7956962,40.3768203,"ut: 4.628989,-74.120165"
-111.7956962,40.3768203,"ut: 4.642363,-74.060456"
-111.7956962,40.3768203,"ut: 4.643729,-74.055476"
-111.7956962,40.3768203,"ut: 4.650541,-74.074043"
-111.7956962,40.3768203,"ut: 4.653332,-74.062218"
-111.7956962,40.3768203,"ut: 4.654361,-74.044616"
-111.7956962,40.3768203,"ut: 4.667453,-74.053682"
-111.7956962,40.3768203,"ut: 4.667895,-74.044464"
-111.7956962,40.3768203,"ut: 4.6681601,-74.0519948"
-111.7956962,40.3768203,"ut: 4.669251,-74.044541"
-111.7956962,40.3768203,"ut: 4.676608,-74.040679"
-111.7956962,40.3768203,"ut: 4.684675,-74.046089"
-111.7956962,40.3768203,"ut: 4.707552,-74.050778"
-111.7956962,40.3768203,"ut: 4.7102328,-74.0317432"
-111.7956962,40.3768203,"ut: 4.731827,-74.065069"
-111.6108785,40.1856442,"ut: 4.813799,-75.693599"
-112.5642195,39.3534737,"ut: 6.209317,-75.600865"
-112.5642195,39.3534737,"ut: 6.210789,-75.564233"
-112.5642195,39.3534737,"ut: 6.212833,-75.561281"
-112.5642195,39.3534737,"ut: 6.279094,-75.600952"
-95.6179019,37.0341738,"utopia  "
-0.479611,51.5485,"uxbridge"
-97.2746978,37.6813968,"va"
-0.3762881,39.4699075,"valencia-espana"
-67.9972104,10.1579312,"valencia-vnzla"
-67.9972104,10.1579312,"valencia venezuela!!!!!!!!"
-0.3762881,39.4699075,"valencia, espana"
-0.3762881,39.4699075,"valencia, spain"
-75.5733181,6.2499133,"valle de aburra"
-76.6412712,3.8008893,"valle del cauca-colombia"
-76.6412712,3.8008893,"valle del cauca - colombia"
-76.6412712,3.8008893,"valle del cauca, colombia"
-73.2436335,10.4742449,"valledupar"
-73.2436335,10.4742449,"valledupar - cesar"
-73.2436335,10.4742449,"valledupar - colombia"
-73.2436335,10.4742449,"valledupar colombia"
-73.2436335,10.4742449,"valledupar, cesar"
-73.2436335,10.4742449,"valledupar, cesar, colombia"
-73.2436335,10.4742449,"valledupar, co"
-73.2436335,10.4742449,"valledupar, colombia"
-73.2436335,10.4742449,"valledupar, colombia "
-73.2436335,10.4742449,"valledupar, colombia..."
-123.1207375,49.2827291,"vancouver"
-123.1207375,49.2827291,"vancouver, british columbia"
-123.1207375,49.2827291,"vancouver, canada"
-73.9945607,40.7270258,"various "
12.453389,41.902916,"vatican city"
NA,NA,"venezolano en el exilio"
-66.58973,6.42375,"venezuela"
-70.2492965,8.6159976,"venezuela-colombia-miami"
-66.58973,6.42375,"venezuela "
-64.67768,10.1445691,"venezuela y barcelona"
NA,NA,"verde 111 camara bogota"
-76.51474,8.5662,"vereda san carlos"
-77.0301689,38.9092768,"vermont/dc"
NA,NA,"vic (68 km from barcelona)"
-99.1411154,23.7369164,"victoria, tamaulipas"
16.3738189,48.2081743,"viena, austria"
16.3738189,48.2081743,"vienna, austria"
NA,NA,"viktuuriland"
NA,NA,"villa de anton hero de cepeda"
-3.9438336,40.4687147,"villafranca del castillo "
-72.981936,10.603721,"villanueva, la guajira"
-72.981936,10.603721,"villanuevalaguajira - colombia"
-73.6376905,4.1513822,"villavicencio"
-73.6376905,4.1513822,"villavicencio- meta"
-73.6376905,4.1513822,"villavicencio-meta-col"
-73.6376905,4.1513822,"villavicencio - meta"
-73.6376905,4.1513822,"villavicencio   colombia"
-73.6376905,4.1513822,"villavicencio  meta"
-73.6376905,4.1513822,"villavicencio meta colombia"
-73.6376905,4.1513822,"villavicencio(meta)"
-73.6376905,4.1513822,"villavicencio, colombia"
-73.6376905,4.1513822,"villavicencio, meta"
-74.470362,5.011706,"villeta, colombia"
25.2796514,54.6871555,"vilnius, lithuania"
-78.6568942,37.4315734,"virginia, u.s.a."
-78.6568942,37.4315734,"virginia, usa"
-99.024895,19.5558546,"vzla, col, mex "
-120.7401385,47.7510741,"washington"
-77.05851,38.8056053,"washington bureau"
-77.0368707,38.9071923,"washington d.c"
-77.0368707,38.9071923,"washington d.c."
-77.0368707,38.9071923,"washington dc"
-77.0368707,38.9071923,"washington dc "
-77.041178,38.923296,"washington dc - madrid"
-77.0368707,38.9071923,"washington dc, estados unidos"
-77.0368707,38.9071923,"washington, d.c"
-77.0368707,38.9071923,"washington, d.c."
-77.0368707,38.9071923,"washington, d.c. "
-77.0368707,38.9071923,"washington, d.c. - usa"
-77.1764149,38.7636242,"washington, d.c./nova"
-77.0368707,38.9071923,"washington, dc"
-77.0368707,38.9071923,"washington, dc "
-77.0368707,38.9071923,"washington, dc  "
-77.041178,38.923296,"washington, dc      madrid"
-73.9902234,40.7522933,"washington, dc & new york, ny"
-122.554772,45.518579,"washington, dc & portland, or"
-77.0324071,38.9311819,"washington, dc + everywhere!"
-77.042059,38.905945,"washington, dc and the world"
-77.0287949,38.8983313,"washington, dc metro area; "
-77.0368707,38.9071923,"washington, dc usa"
-77.0368707,38.9071923,"washington, dc, ee.uu."
-77.0368707,38.9071923,"washington, dc, usa"
-120.7401385,47.7510741,"washington, usa"
-0.1123051,51.5031653,"waterloo, london"
-122.196825,47.6160275,"we're global!"
-80.2683571,26.6617635,"wellington florida"
-0.1277583,51.5073509,"west london"
-80.0533746,26.7153424,"west palm beach, fl"
-71.1626756,42.2797554,"west roxbury, boston"
-0.1356583,51.4974948,"westminster, london"
-80.3997748,26.1003654,"weston, fl"
14.2777218,40.9418138,"whatsapp: 3194151058"
NA,NA,"where needed"
-89.4256995,40.7037851,"wherever"
NA,NA,"wherever permits can be pulled"
NA,NA,"white house & elsewhere"
-82.550041,35.593828,"who knows"
-76.7074571,37.2707022,"williamsburg, va"
-97.1383744,49.895136,"winnipeg"
-97.1383744,49.895136,"winnipeg, manitoba"
0.6372179,51.7978049,"witham, essex"
NA,NA,"wlpress@jabber.ccc.de"
-95.986942,36.2067586,"world"
NA,NA,"world citizen (mad - cdmx)"
NA,NA,"world hq in broomfield, co"
-75.591415,6.259276,"world,medellin"
151.206173,-33.864859,"worldwide"
-84.3896015,33.7791502,"worldwide (hq in atlanta)"
-79.4022775,43.6645115,"worldwide cities"
151.206173,-33.864859,"worldwide!"
151.206173,-33.864859,"worldwide."
NA,NA,"www.davidsantiago.web.ve"
NA,NA,"www.facebook.com/tropamarxista"
NA,NA,"www.laotraesquina.co"
NA,NA,"www.locoscomunistas.org"
-77.0424472,38.8989548,"www.worldbank.org "
-117.039883,32.534396,"x el mundo!!!"
NA,NA,"yanismanzano@hotmail.com"
-75.4190689,6.961969,"yarumal"
-75.4190689,6.961969,"yarumal antioquia colombia"
48.516388,15.552727,"yemen"
-72.400523,5.348903,"yopal "
-72.400523,5.348903,"yopal - casanare"
-72.400523,5.348903,"yopal, casanare"
-72.400523,5.348903,"yopal, casanare (colombia)"
-72.400523,5.348903,"yopal, casanare, colombia"
-72.400523,5.348903,"yopal, colombia"
-72.400523,5.348903,"yopal/ casanare"
NA,NA,"you'll find me at an airport."
-104.9793907,39.7368455,"your moms house"
-89.3985283,18.806656,"yucatan, mexico"
-76.495026,3.545337,"yumbo"
-77.0402315,38.851242,"ywg to dca"
-73.990955,5.021476,"zipaquira"
-74.0099682,5.0188499,"zipaquira - bogota. "
-73.990955,5.021476,"zipaquira, colombia"
-74.011262,40.7092649,"zuccotti park, nyc"
-72.1416132,10.2910237,"zulia "
8.541694,47.3768866,"zurich-suiza"
8.541694,47.3768866,"zurich, switzerland"
